0.579222202,0,28.95309639,2042.314688,40.10079956,1,32.31042584
0.52966165,0,29.1591622,1939.605628,33.35503313,2,32.33758588
0.248938605,0,29.66431427,3628.486728,40.05036163,3,32.40419034
0.541709751,0,28.97693538,5.394137932,0.097333335,4,32.31356776
0.537531634,0,29.14941152,5.443687256,0.097333335,5,32.33635065
0.370653898,0,43.06989924,7.246037774,0.096886832,6,34.2417117
0.376854174,0,64.68597603,6.676615015,0.098000001,7,37.23038087
0.441056088,0,66.75524521,6.026647695,0.098666668,8,37.52921875
0.462266321,0,68.82433065,1558.161446,26.77998908,9,37.82958959
0.514806271,0,67.75659561,2107.329671,39.9732755,10,37.67422217
0.442306613,0,67.3779316,2440.046028,40.27812449,11,37.62085841
0.468028685,0,67.63344193,2326.462755,40.1084404,12,37.65631398
0.923690026,0,69.35223261,320.7008312,40.30653318,13,37.90662511
0.328955116,0,70.54526901,2321.779969,33.34390081,14,38.08036953
0.22283507,0,58.25991825,9.036307121,0.097777779,15,36.41484822
0.230935246,0,69.27082697,8.142683869,0.097777779,16,37.89429452
0.24876942,0,69.06996536,7.993991733,0.098222224,17,37.86503261
0.341666724,0,67.87190501,2318.325348,33.3902816,18,37.69093413
0.386715521,0,67.04870606,2661.324015,39.92242368,19,37.57153906
0.375037593,0,67.48923493,2178.438403,33.42341214,20,37.63549995
0.244626967,0,68.5197258,8.007712331,0.097777779,21,37.78499357
0.262785278,0,68.53821818,7.815297371,0.097777779,22,37.7876829
0.270320545,0,68.92376836,7.724487347,0.097777779,23,37.84383968
0.266756592,0,67.25951131,7.796976967,0.097777779,24,37.60210386
0.292514185,0,67.42329915,7.498557413,0.097777779,25,37.62591124
0.276659946,0,67.8425649,7.701934032,0.097777779,26,37.68752638
0.253206926,0,69.32141113,7.868691693,0.097333335,27,37.90165136
0.262488137,0,69.3252182,7.702945669,0.096444445,28,37.90222852
0.462899628,0,65.24090481,5.770196988,0.09755632,29,37.31680161
0.363192951,0,66.63291168,6.828330848,0.098666668,30,37.51176566
0.38404876,0,62.69273695,6.577411344,0.09733548,31,36.94666669
0.327666303,0,65.97315852,7.165904155,0.097777779,32,37.41602435
0.340290457,0,65.89984385,7.029966402,0.097779246,33,37.40539647
0.364081537,0,65.31999143,6.770862946,0.097777779,34,37.32183527
0.252658742,0,64.48486646,8.00178035,0.097777779,35,37.20154423
0.278174589,0,66.00583903,7.661718787,0.097335171,36,37.42076944
0.256163476,0,64.44133441,7.974187272,0.098222224,37,37.19528058
0.297978322,0,63.04565302,7.727114404,0.100069637,38,36.99477863
0.334119409,0,64.9231135,7.032278549,0.09688889,39,37.26456294
0.318734353,0,63.15988604,7.267620343,0.097777779,40,37.01116039
0.302288582,0,63.43545532,7.548493681,0.098222224,41,37.05257473
0.299436495,0,66.31273143,7.469582669,0.097777779,42,37.46512056
0.353121787,0,65.01787567,1364.895937,19.73122001,43,37.278541
0.339595208,0,68.77941259,1280.342831,20.04103742,44,37.82296475
0.320200955,0,60.65469869,7.226806585,0.096448357,45,36.65304743
0.432674269,0,61.89568075,870.2163329,13.38357407,46,36.83048733
0.397774215,0,63.02224731,2634.765492,39.76110013,47,36.99246365
0.336135787,0,60.7674408,7.213246843,0.098668518,48,36.66916689
0.35221611,0,60.66172981,6.940299322,0.096887868,49,36.65404974
0.329880933,0,60.52532832,7.220364614,0.097777779,50,36.63461884
0.35745498,0,60.669981,6.893353276,0.097333335,51,36.65526902
0.308610876,0,60.3504165,7.360504625,0.096666783,52,36.60998725
0.243716751,0,58.27111117,8.134841427,0.09688889,53,36.31446388
0.231141565,0,58.5060482,8.277978451,0.097333335,54,36.34792404
0.218625367,0,58.66370138,8.415021616,0.097333335,55,36.37008942
0.23043792,0,58.291893,8.339674546,0.097777779,56,36.31740408
0.248012759,0,58.98066902,8.141332109,0.097777779,57,36.41505465
0.253759757,0,59.88176473,7.989453194,0.096886861,58,36.5431346
0.198837442,0,59.83777873,8.603665636,0.097331364,59,36.53678208
0.2678081,0,59.84678205,7.8000048,0.096447276,60,36.53815773
0.253569879,0,60.59329414,8.049523751,0.097777779,61,36.64451655
0.230763915,0,60.67365265,8.244107364,0.097335334,62,36.65579123
0.270022353,0,58.59099579,7.905229429,0.097777779,63,36.36061457
0.263392362,0,61.43116315,7.776832414,0.096000001,64,36.76421941
0.298019782,0,60.69098218,7.574967757,0.097777779,65,36.65865268
0.320822045,0,60.19078763,7.329260621,0.097775884,66,36.58703655
0.35748663,0,59.36699168,1265.554332,18.03028909,67,36.46992275
0.396625613,0,59.13463974,2400.757797,35.99814606,68,36.4369125
0.397323047,0,59.04726728,2396.622494,35.8932031,69,36.42465932
0.415930996,0,61.44673602,2314.475082,35.99548022,70,36.76604715
0.37001503,0,60.38951747,1590.017647,24.0457126,71,36.61554475
0.448679576,0,59.65073013,2190.364275,35.94449806,72,36.51039742
0.432657197,0,58.72953733,2256.805704,35.95258967,73,36.37946387
0.414631709,0,59.19665718,2333.342255,36.01072629,74,36.44573369
0.310430497,0,61.283137,2730.470138,36.00037829,75,36.74271357
0.390667598,0,59.20948982,2426.063495,35.99780718,76,36.44751776
0.379828016,0,59.43418503,2466.180559,36.00629489,77,36.47946022
0.799549735,0,37.48285408,433.9711385,7.267197641,78,33.4645463
0.497816592,0,44.65933228,344.0273577,6.081777682,79,34.43336657
0.565162008,0,56.56882286,1737.062716,35.7513504,80,36.07443915
0.464348589,0,58.17610359,2125.604801,35.76498349,81,36.30104124
0.463719914,0,58.2778403,2024.760192,30.26145546,82,36.31570934
0.452401514,0,59.3087546,2181.021931,36.00758108,83,36.4618256
0.296673991,0,58.92996915,2817.124666,35.99743652,84,36.40789733
0.387090194,0,61.77192459,2421.937281,36.01053009,85,36.81719793
0.445298897,0,59.02919735,1995.613241,29.50054923,86,36.42201628
0.261609472,0,58.85800552,2962.839543,36.30687841,87,36.39881656
0.283931991,0,58.33878899,2962.142773,37.36279233,88,36.32428841
0.309646577,0,55.90113195,2755.525661,35.88157272,89,35.97994626
0.352476537,0,55.30813345,2601.584979,36.00748189,90,35.89655509
0.39866591,0,56.50970205,2453.307598,36.66444524,91,36.0656727
0.355533679,0,57.90617561,1677.156084,24.0391005,92,36.26335444
0.431693544,0,57.42073504,2282.68154,36.00882912,93,36.19468487
0.480826666,0,62.94386991,2057.942657,35.96938578,94,36.98121433
0.341729899,0,65.95238368,2559.03525,35.9937706,95,37.41678733
0.367110253,0,55.62662125,2546.397519,36.00712268,96,35.94193938
0.355586226,0,55.26354663,2590.002267,36.01211421,97,35.89044387
0.368269205,0,56.71974818,2530.674513,36.00756391,98,36.09525204
0.36928603,0,56.43882879,2515.50516,36.03688749,99,36.05557234
0.345616068,0,53.60736847,2659.193533,36.02041435,100,35.66083412
0.281967507,0,49.67896605,3033.136049,35.98981349,101,35.15671865
0.364945675,0,56.28513908,2545.682374,36.01109568,102,36.03391956
0.395147368,0,56.52483558,2425.724525,36.03928185,103,36.06770876
0.405886173,0,41.1094567,2506.699371,36.02304522,104,33.97524892
0.372948433,0,61.0749162,2490.819075,36.00402641,105,36.71332969
0.390794282,0,62.06295776,2410.773468,36.02043724,106,36.8540546
0.387569576,0,61.82115046,2421.898121,35.97026189,107,36.81949014
0.360360007,0,61.98718262,2531.360606,36.01090876,108,36.84322091
0.38100111,0,62.12222099,2448.805566,36.00169754,109,36.86253911
0.344109525,0,62.22624397,2568.716719,35.65679804,110,36.87741435
0.367784013,0,62.25695165,2463.491965,35.53472328,111,36.88181325
0.370790631,0,61.56925202,2479.433238,35.7674497,112,36.78366333
0.379159917,0,61.99497732,2480.102351,36.3565642,113,36.84433503
0.377982959,0,61.85749627,2464.673328,36.05174637,114,36.82468394
0.388723947,0,61.76638222,2419.232958,35.99473572,115,36.81166237
0.417542502,0,61.66644573,2303.505436,35.97807503,116,36.79739004
0.433586945,0,61.38792992,2246.140817,36.03860473,117,36.75761491
0.427068437,0,61.40281868,2266.936255,35.95542844,118,36.75973981
0.415732041,0,61.43476168,2311.74884,35.96530851,119,36.76430013
0.426383287,0,61.72921244,2270.728031,35.97408358,120,36.80640095
0.398015868,0,62.88972168,2369.787819,35.88363724,121,36.97243735
0.442096435,0,62.63662052,2179.794261,35.6381464,122,36.93614944
0.543525025,0,61.93584124,1812.142712,36.11652438,123,36.83589819
0.545678516,0,62.59316127,1796.009367,36.01714134,124,36.92992423
0.574416588,0,62.80960528,1676.656623,35.91528893,125,36.96092123
0.570780575,0,62.78723653,1696.058528,36.0176665,126,36.95771751
0.568355739,0,62.78028679,1780.33343,37.71258926,127,36.95672072
0.555529684,0,62.78142865,1754.535963,35.99509176,128,36.95688816
0.535707096,0,62.50731722,1829.329798,35.89010874,129,36.91763363
0.554188232,0,62.7230835,1754.651046,35.87410799,130,36.94852668
0.48352538,0,57.51956844,2071.139414,35.74274445,131,36.2200348
0.545887788,0,64.34724681,1780.285451,35.82721456,132,37.18164386
0.550565958,0,64.33983739,1761.623099,35.87326368,133,37.1806059
0.552823936,0,63.34785207,1765.684819,36.06376902,134,37.03814764
0.479574611,0,59.65455564,2070.470159,36.1149381,135,36.51138728
0.543798685,0,60.07958349,1814.490005,36.07786751,136,36.57122987
0.563991725,0,61.17879804,1726.779,35.97713661,137,36.72777349
0.555507839,0,62.32797495,1765.924124,36.11969249,138,36.89204033
0.500250538,0,62.19545046,1986.891422,36.17818642,139,36.87304861
0.464270557,0,61.77585856,2095.33576,35.45555179,140,36.81302737
0.461408988,0,63.34088739,2118.758937,35.97240988,141,37.03757089
0.481600622,0,61.35478402,1994.8925,34.94521014,142,36.75291481
0.520929863,0,66.46236928,1850.084089,35.42586358,143,37.4877792
0.533788264,0,66.71303558,1822.078084,35.91135343,144,37.52294326
0.54589352,0,66.7510287,1783.844721,36.1105938,145,37.52844303
0.579984655,0,66.64947383,1648.347513,36.07506244,146,37.51375834
0.588704239,0,66.11324183,1615.841676,36.02313105,147,37.43634265
0.602736905,0,63.17538706,1555.685253,35.89885712,148,37.01611342
0.789349198,0,60.06736692,838.4539795,36.08584531,149,36.56959688
0.695192587,0,58.6788002,1217.894269,36.08431702,150,36.37224854
0.704385769,0,61.77706375,1178.73363,35.87733459,151,36.81377276
0.324549931,0,66.45516841,1143.689456,18.03737339,152,37.48758293
0.260184065,0,64.63179398,7.976061571,0.098666668,153,37.22300515
0.360710306,0,55.96077967,6.849647991,0.096666668,154,36.02022741
0.685007013,0,21.79937437,3.659732984,0.092888909,155,31.37786133
0.299259302,0,60.08580246,7.651726824,0.098133335,156,36.59018117
0.209319201,0,66.27415721,8.491681068,0.098666668,157,37.45976567
0.296695518,0,67.71211116,7.468432645,0.097777779,158,37.6678781
0.287422957,0,66.17223358,7.618314016,0.098222224,159,37.44483014
0.267183709,0,65.63655396,7.830976752,0.097600001,160,37.36848211
0.229748875,0,68.7986145,8.256372695,0.098666668,161,37.82553778
0.342460394,0,67.53371175,7.036171669,0.098666668,162,37.64203292
0.244019699,0,69.68001366,8.069843399,0.098666668,163,37.95506819
0.411553063,0,69.85953713,672.5518175,9.062075404,164,37.98033392
0.398526256,0,68.56496175,706.7086912,12.08480742,165,37.79172771
0.466078147,0,68.64186096,2080.994644,36.01943016,166,37.80287998
0.335072249,0,65.04134623,2616.209358,36.02033488,167,37.28156418
0.559663683,0,68.34944725,1720.787287,36.01050854,168,37.760483
0.221698718,0,68.24605688,1835.676388,24.03282963,169,37.74655164
0.488790661,0,68.40949504,1575.703022,30.05701121,170,37.76902162
0.327226182,0,68.5903155,2630.134254,36.03392665,171,37.79532415
0.28488557,0,69.07730103,7.838087613,0.101331736,172,37.86618915
0.308576897,0,67.65811793,7.550740134,0.100444446,173,37.65994984
0.285050375,0,69.36447017,7.771129801,0.100444446,174,37.90792457
0.343982121,0,70.66203817,6.991627293,0.098668608,175,38.09791013
0.34739099,0,69.77750905,6.998815671,0.099111113,176,37.96821399
0.368257309,0,68.39021047,1958.06969,30.00149018,177,37.76630098
0.480766157,0,62.20045599,1416.384495,29.98513142,178,36.87809534
0.5190911,0,66.6786377,984.0673539,17.93733114,179,37.51917594
0.486103982,0,67.40478261,2510.755396,45.0332826,180,37.62370282
0.408806602,0,65.11322276,2882.07879,44.67145856,181,37.29203622
0.318175097,0,65.97498957,3181.835004,42.85185242,182,37.41631667
0.352812762,0,65.88502503,3037.227928,43.04612859,183,37.40330769
0.343667656,0,66.28507995,3086.827506,43.18082174,184,37.46159625
0.354129806,0,69.30106481,2455.098323,35.96505224,185,37.89872675
0.250670612,0,69.63253021,8.142468456,0.100444446,186,37.94698781
0.268798932,0,69.25761159,7.982203071,0.100886567,187,37.89246473
0.379251686,0,68.50705592,630.1018047,13.33571987,188,37.78323475
0.301199694,0,68.15395991,3006.235171,39.66759555,189,37.73191957
0.353614092,0,68.42972311,2808.662652,40.00744438,190,37.77204426
0.439129527,0,68.21353658,2433.602123,40.05494626,191,37.74058623
0.328794956,0,66.87686284,2920.955806,40.06650798,192,37.54693707
0.391000837,0,66.01609421,2086.499086,32.18792559,193,37.42285202
0.862213105,0,67.42549515,597.993095,39.8334961,194,37.62635473
0.326320708,0,67.46417618,2932.769273,40.0199089,195,37.63173806
0.380759155,0,68.11371485,2688.146154,39.99812953,196,37.72599269
0.394386033,0,67.74025854,2630.037499,39.99431483,197,37.67181762
0.391237413,0,67.83333461,2641.114665,39.96748416,198,37.68528951
0.365647554,0,67.86173376,2754.182272,40.00033315,199,37.68940579
0.320130164,0,66.17272491,2960.588883,39.98566437,200,37.44500851
0.292032597,0,64.40499751,3091.886731,39.9077816,201,37.1903646
0.32831197,0,66.42487208,2426.125137,33.33645813,202,37.48127019
0.303200621,0,29.97304662,7.777252081,0.093343991,203,32.45144753
0.496132424,0,61.85502625,5.512442144,0.097777779,204,36.83714452
0.5460164,0,68.49463399,1246.385255,17.50070357,205,37.78274768
0.334649881,0,65.77442423,834.3763432,11.73334351,206,37.38747396
0.377065003,0,66.5424366,2370.897661,35.01187515,207,37.4986895
0.497265925,0,63.96703657,1927.126349,34.99002075,208,37.12705844
0.482880615,0,65.50021553,1975.886187,35.01213932,209,37.34771464
0.477203672,0,67.11803945,1989.140247,34.98998134,210,37.58158668
0.489006604,0,66.92949041,1945.875753,35.01203283,211,37.55427595
0.495073065,0,66.82401021,1921.017016,34.96620115,212,37.53901559
0.477330953,0,67.23311424,1988.513012,35.00450611,213,37.59825595
0.536388115,0,67.31547546,1767.822256,34.97752571,214,37.61018103
0.521824275,0,66.98127238,1822.199272,35.0389754,215,37.56177304
0.483992376,0,67.24102402,1964.333977,35.03666115,216,37.59939372
0.476396933,0,67.29120382,1994.677734,35.047273,217,37.60666501
0.385864428,0,67.19786326,2336.874579,35.03232956,218,37.59314505
0.492502401,0,67.81225077,1932.889432,35.00910378,219,37.68256518
0.389583856,0,69.21002833,6.696544369,0.101333335,220,37.88542439
0.425850406,0,69.14960861,1809.50796,29.18892093,221,37.87662845
0.401805997,0,69.01884842,1512.256037,23.3398205,222,37.8575954
0.389684389,0,69.01878611,792.8908564,11.74213405,223,37.85758725
0.392422929,0,69.47260793,6.729827097,0.102218875,224,37.92370177
0.372254963,0,70.71668244,2365.125329,34.98851712,225,38.10628865
0.393322026,0,68.30356852,2306.586169,35.00753276,226,37.75393558
0.432185645,0,69.63383993,2154.428642,35.06500943,227,37.94718965
0.417932014,0,69.70051447,2206.700331,35.03888512,228,37.95690451
0.312809947,0,69.69692739,2603.052539,35.02291107,229,37.95637846
0.322668412,0,67.99430339,1632.724154,23.34011186,230,37.70915485
0.353962849,0,68.41295497,2451.978419,35.01290258,231,37.76960702
0.356341283,0,68.96618017,2444.712514,35.00759824,232,37.84999597
0.491050164,0,65.76554921,2056.993146,37.65658569,233,37.38810611
0.318806156,0,64.92961883,2974.94765,39.99961154,234,37.26548363
0.300547883,0,65.01959483,3067.15001,40.02529462,235,37.27847062
0.388732334,0,69.65547435,2645.258241,39.99823952,236,37.9503329
0.327291101,0,69.2647756,2904.768755,39.97858238,237,37.89360261
0.342626251,0,65.52224477,2875.105539,39.98209826,238,37.35162082
0.376086021,0,69.87496694,2698.05311,39.98540179,239,37.98234687
0.319741418,0,71.59521993,2938.523874,40.01837985,240,38.2344805
0.482227787,0,71.19264348,2228.912392,39.98800596,241,38.17537076
0.354013175,0,68.5766983,2802.006788,40.00008138,242,37.79355285
0.354648163,0,67.04403814,2800.142679,39.97298114,243,37.57086096
0.449948877,0,64.18096288,2407.765996,40.02005259,244,37.15773096
0.423256005,0,63.05982018,2526.026819,39.99734497,245,36.99693613
0.411433625,0,68.28063812,2563.474711,40.01105423,246,37.75099139
0.415887763,0,69.73229981,2530.114542,40.03856405,247,37.96154087
0.369826227,0,69.24577586,2726.948093,40.01908684,248,37.89076975
0.394856405,0,69.23617872,2397.331703,36.68418087,249,37.88930025
0.426936005,0,64.1023159,2505.98269,39.97860336,250,37.14655712
0.738262333,0,65.2565136,1140.874585,39.98739338,251,37.31258175
0.388175249,0,63.35494995,2686.896858,40.10375977,252,37.03910201
0.348654926,0,64.99324544,2842.743288,39.97609711,253,37.2746299
0.322150876,0,64.95283127,1538.648766,20.05352043,254,37.26881187
0.358306474,0,65.93972473,7.061523959,0.100800002,255,37.41185724
0.402829215,0,65.51452001,2614.826103,40.31242243,256,37.34990621
0.312355658,0,65.16119512,7.549788369,0.100444446,257,37.29883354
0.363888347,0,68.14782715,1201.495518,16.04701445,258,37.73131209
0.309244389,0,69.74351374,507.1209802,6.751572627,259,37.9631731
0.260427259,0,68.98435211,2477.021115,32.05077814,260,37.85269299
0.313863426,0,69.67211405,7.433283779,0.100444446,261,37.95275952
0.343398963,0,65.16394679,937.7463848,12.6114391,262,37.29922814
0.338337178,0,65.03745651,7.256715674,0.100444446,263,37.28100287
0.362139285,0,64.21712431,1332.365198,20.07607192,264,37.16313221
0.322196005,0,64.65029399,7.537692094,0.10177778,265,37.22524594
0.400341203,0,65.0344162,6.68875273,0.102220182,266,37.28063909
0.426560357,0,64.99018733,6.457100225,0.103109676,267,37.27419919
0.434501857,0,65.00966517,6.257661545,0.101336852,268,37.27699769
0.428576986,0,66.36886851,771.1426943,13.40827344,269,37.47355355
0.370501806,0,71.04603322,6.854054972,0.100888891,270,38.1537498
0.403467938,0,71.03338305,319.2336201,5.920647096,271,38.15299509
0.230265151,0,72.34859848,8.024562486,0.096887349,272,38.34438071
0.425293878,0,68.36843364,306.3945066,5.082332974,273,37.76403799
0.468124782,0,68.47740301,5.751034915,0.099555557,274,37.77893981
0.366544753,0,64.31212298,1066.650514,13.40832202,275,37.19114445
0.494546272,0,66.6121858,516.4725463,13.39687694,276,37.50962827
0.458227028,0,70.23645147,757.7955791,13.37786198,277,38.03514083
0.337650945,0,70.66380438,7.028703634,0.098221054,278,38.09756525
0.529111187,0,71.42133459,4.911264343,0.096886548,279,38.20864017
0.504637311,0,68.09911601,404.737587,6.793467914,280,37.72498279
0.557085852,0,68.70118078,4.692709161,0.097777779,281,37.81222256
0.602945139,0,69.65866979,4.281891805,0.099553306,282,37.95100102
0.570735464,0,70.44802348,4.549950792,0.098222446,283,38.06602329
0.519440249,0,70.38807297,384.6009105,6.754582478,284,38.05725612
0.456433023,0,61.25742722,343.7420357,6.748899926,285,36.75621265
0.677595064,0,69.63581658,1391.35105,39.9508152,286,37.94777498
0.613997877,0,70.51210276,1667.283303,39.98483149,287,38.07537631
0.510894065,0,70.11311976,2113.895409,39.98693784,288,38.01719981
0.543135375,0,65.3748792,1351.655229,26.70145116,289,37.3397373
0.898120165,0,43.42484283,1.02844537,0.091513328,290,34.25062749
0.466197738,0,69.81967708,5.658364823,0.097905881,291,37.97448505
0.43634743,0,69.59626134,6.126918116,0.100444446,292,37.94171027
0.534835353,0,69.76262411,5.053023806,0.100442077,293,37.96596368
0.549297184,0,69.76855214,345.5474246,8.964227137,294,37.96684483
0.842829635,0,69.79257456,469.5524506,23.36979408,295,37.97034168
0.6020902,0,69.68487168,448.6460837,11.70408595,296,37.9546245
0.563169008,0,69.84982936,290.8069246,5.415143252,297,37.97868187
0.583343227,0,69.55060069,4.469006113,0.099111113,298,37.93507471
0.601088613,0,69.76987076,516.515743,10.74172782,299,37.96702042
0.626358598,0,69.691377,3.987995052,0.098666668,300,37.95557225
0.645879805,0,69.70807521,3.777546269,0.098666668,301,37.95800921
0.606792915,0,69.68045654,4.217489608,0.099197672,302,37.95398633
0.614034395,0,69.71573766,516.5853737,12.0816193,303,37.95914788
0.650635918,0,69.9295133,206.1075721,6.085772846,304,37.99032373
0.640712987,0,69.58211517,3.922392025,0.100887484,305,37.93964577
0.585987538,0,69.59144847,260.4875409,6.085340835,306,37.94100361
0.49391144,0,69.69876734,5.469760561,0.100001334,307,37.95664702
0.392863964,0,69.7759908,6.592836986,0.100444446,308,37.96792393
0.552407932,0,70.07548065,4.776244611,0.098669495,309,38.01163052
0.611597896,0,69.99913152,259.9788738,6.090673017,310,38.00049732
0.688624362,0,65.68404389,3.205967673,0.097776046,311,37.39114434
0.617909809,0,70.24431483,499.3681927,13.39597833,312,38.0362645
0.620071322,0,69.90055466,1063.865843,26.32370866,313,37.98608009
0.677990764,0,69.7112414,3.418894118,0.098222224,314,37.95847378
0.649631401,0,69.91750971,370.4632473,10.04767323,315,37.98856869
0.678924844,0,68.29893303,3.437781728,0.098666668,316,37.75300271
0.687306494,0,69.50323995,1102.802491,33.29306467,317,37.92826416
0.699300508,0,69.8732961,232.2787562,6.742686796,318,37.98210916
0.697979122,0,69.60076014,685.1874474,20.01783705,319,37.94246559
0.714114845,0,69.80028152,204.6671549,5.08934935,320,37.97145613
0.73013255,0,69.71832402,609.6339544,20.05200814,321,37.95951077
0.705297808,0,69.80919393,189.3556663,5.078661586,322,37.9727531
0.692304115,0,69.97502899,997.002829,29.9746844,323,37.99694925
0.672809015,0,69.83748245,163.8142754,5.082200257,324,37.97688119
0.673660576,0,69.96189499,3.480122216,0.098664891,325,37.99503595
0.651405146,0,70.01591873,3.720152812,0.098666668,326,38.00291434
0.786382238,0,69.76270803,522.7088043,27.00292317,327,37.96597845
0.830053413,0,69.96420899,1.793961821,0.096531183,328,37.99536965
0.880743754,0,69.77274017,516.3876736,39.98837128,329,37.96744695
0.939503859,0,69.94477081,134.1977239,26.72935597,330,37.99253712
0.857073774,0,69.71749751,520.9906058,33.33697502,331,37.95937962
0.689265291,0,69.70584361,1105.493335,33.3714745,332,37.95768447
0.681666335,0,69.77865474,3.383137113,0.098222224,333,37.96829934
0.694134762,0,69.8004481,929.7699196,26.71871932,334,37.97148839
0.677949329,0,69.97594452,543.8372671,13.40483446,335,37.99707932
0.676126569,0,69.97104518,1400.345189,39.99959819,336,37.99636824
0.711305003,0,69.86901855,1248.808511,39.99291547,337,37.98148892
0.694429716,0,69.87962087,1321.205663,39.98229981,338,37.98302364
0.727919271,0,69.9423701,1177.251292,40.01498795,339,37.99218207
0.778930148,0,69.9996961,956.3992743,40.01926994,340,38.00054469
0.730386674,0,69.94285431,274.5904308,8.084617996,341,37.99225617
0.776710888,0,69.92285538,965.5118949,39.99416987,342,37.98933576
0.77229328,0,70.04620997,984.8202277,39.99821663,343,38.00734154
0.792349845,0,70.0294838,897.7524621,39.99296824,344,38.00489546
0.782201171,0,69.93835831,941.5911234,39.98857244,345,37.99159878
0.812443992,0,65.50514031,745.1138198,33.36545743,346,37.36620727
0.795425028,0,69.37715403,702.0205097,33.1605192,347,37.90977804
0.828356057,0,68.95118459,498.9691491,26.68056723,348,37.84774218
0.838567088,0,69.04879633,612.8811555,31.76372129,349,37.86195436
0.792072674,0,69.06468709,777.0391044,34.04718336,350,37.86426206
0.920580556,0,68.9561437,281.6107877,33.28575548,351,37.84846499
0.939135204,0,68.83440526,215.3402268,33.16284879,352,37.83074668
0.903839956,0,69.71824773,327.7368069,31.23574416,353,37.9594893
0.821113328,0,69.67574437,598.6980051,31.77060541,354,37.95329118
0.799212074,0,69.70657349,2.142277576,0.098666668,355,37.9577868
0.568200111,0,69.81707637,4.63848439,0.099553928,356,37.97390041
0.947270692,1.607606528,69.92828369,227.7371854,39.99607277,357,37.9901254
0.846026431,0,69.83644485,666.2415002,40.00523059,358,37.97672832
0.743963599,0,69.88691584,243.4452671,6.742913167,359,37.98411816
0.71524172,0,69.42304866,3.092249348,0.100444446,360,37.91646217
0.878782958,0,63.92893982,1.25626115,0.098666668,361,37.12703493
0.617693449,0,66.6683356,1367.075109,26.70401494,362,37.52720308
0.56617175,0,69.66478602,4.631194501,0.098666668,363,37.95169335
0.684751436,0,69.68469747,421.6527066,13.39823628,364,37.95460244
0.513003726,0,66.65400187,5.208964822,0.098666668,365,37.51603966
0.443659435,0,66.5459067,6.082688894,0.100000002,366,37.50078135
0.665123358,0,69.67677562,3.602102651,0.099557171,367,37.95343933
0.447245012,0,69.67707062,5.954266216,0.099553735,368,37.9534902
0.732810617,0,69.83678563,2.859348315,0.098224017,369,37.97677826
0.50759621,0,69.75271098,632.1995143,13.40928598,370,37.96451792
0.401298329,0,69.68440628,6.562779409,0.101333335,371,37.95455234
0.393168658,0,69.73413976,6.564700553,0.100001687,372,37.96180476
0.573600858,0,69.63223648,4.61598732,0.100003454,373,37.94695224
0.628355414,0,69.72107188,328.066432,6.715455839,374,37.95990706
0.578500509,0,69.60284551,4.530692336,0.099559505,375,37.94266273
0.73394379,0,69.86962636,2.903630993,0.101333335,376,37.98157849
0.489454919,5.702526778,69.97501221,2184.842119,40.10652694,377,37.99694517
0.518365964,0,69.85052745,2083.243782,39.99860001,378,37.978782
0.517895435,0,69.96235021,2084.855847,39.99021594,379,37.99509772
0.707969675,0,69.97449875,603.0789611,20.04843907,380,37.99687013
0.771554043,0,70.02515157,2.470983594,0.100000002,381,38.00426041
0.689932674,0,69.82022476,1340.910299,39.98442841,382,37.97435962
0.63731428,0,69.87772878,1568.901458,40.00053469,383,37.98274779
0.629788707,0,69.88648224,1604.120513,40.06043561,384,37.98403415
0.507007375,0,69.80584844,1757.233671,33.34795054,385,37.97226571
0.455209459,0,69.69227854,5.996538735,0.10177778,386,37.95570927
0.528023203,0,58.97653333,5.208013457,0.100444446,387,36.5148947
0.456896946,0,70.02466202,5.950841633,0.101333335,388,38.0041932
0.435059314,0,69.36041768,769.5419601,13.3729085,389,37.90742074
0.380879372,0,68.26647186,6.804101546,0.101333335,390,37.74817622
0.661286895,0,67.90817515,505.5215085,13.39961548,391,37.69614819
0.543201631,0,67.8505249,323.8484356,5.99655064,392,37.68779304
0.553199559,0,68.29332352,193.5117921,5.079939629,393,37.75207682
0.876305044,0,70.31184387,535.670145,40.14303589,394,38.0461139
0.85509932,0,70.09510422,625.3708352,39.92295074,395,38.01447428
0.536510118,0,69.84042931,2004.995987,39.95955754,396,37.97730863
0.67946434,0,69.76387329,883.890052,24.06755146,397,37.96614794
0.677888552,0,69.61521403,791.6016097,20.04719412,398,37.94446406
0.674080253,0,69.64546458,268.624716,6.749365349,399,37.94887396
0.561620176,0,69.77048874,631.0753115,13.39019957,400,37.96710634
0.612278938,0,69.73451869,399.5627779,6.757308297,401,37.96187196
0.411767776,0,69.88366318,397.2796523,6.74006127,402,37.98362712
0.334577168,0,69.86084493,7.290611663,0.101333335,403,37.9802902
0.401348551,0,68.01679484,6.588488617,0.10177778,404,37.71253283
0.470669761,0,64.97081502,6.038463514,0.104000002,405,37.27239046
0.518723845,0,69.74802526,5.374974119,0.103111113,406,37.96383291
0.524129748,0,69.52937317,829.9658667,13.40620092,407,37.93196637
0.537162766,0,69.37698873,5.238502343,0.10444258,408,37.90975805
0.493325288,0,69.0361112,5.867630939,0.106664447,409,37.86011521
0.466824497,0,68.91164398,1145.769967,20.05819202,410,37.84201804
0.378482267,0,69.57350921,6.965304795,0.103555558,411,37.93838652
0.37296019,0,69.63048935,7.024452984,0.103555558,412,37.94669241
0.678234706,0,69.51706696,126.4273628,6.755609342,413,37.93016978
0.407188987,0,69.22699865,433.3782539,6.763899918,414,37.88796988
0.418033098,0,68.96158981,6.502337146,0.103111113,415,37.84977415
0.454877714,0,69.5907046,6.085923293,0.103111113,416,37.9408909
0.56994771,0,69.25647863,339.4478538,6.750314039,417,37.89219446
0.512605374,0,69.31238429,5.544082552,0.104891973,418,37.90034672
0.527833094,0,69.98877335,1162.55137,24.02356081,419,37.99897274
0.433310703,0,69.7784462,2207.021337,36.0039959,420,37.96826532
0.678128113,0,69.7370313,3.599386492,0.103111113,421,37.96223893
0.726881027,0,69.74451447,3.071364292,0.104000002,422,37.96332096
0.461709211,0,69.87550354,5.994867753,0.103111113,423,37.98242733
0.48425588,0,69.66347249,295.5791716,5.847016767,424,37.95150163
0.538265606,0,69.92959468,1740.059778,34.27031891,425,37.990316
0.435840279,0,69.73404567,1560.532127,26.66057581,426,37.96179375
0.456556936,0,69.71823883,6.084144193,0.10356098,427,37.95948697
0.460353072,0,69.53487651,6.046347274,0.103555558,428,37.93275311
0.448886295,1.657080482,69.49231084,6.202593302,0.104000002,429,37.92655312
0.484650771,5.741804988,69.79409154,1131.86109,20.05994471,430,37.97055026
0.647806966,3.555886033,69.72338867,879.4456942,24.05217057,431,37.96031606
0.567451418,5.741641659,69.32040151,5.084012678,0.108444447,432,37.90150205
0.629972806,3.515370636,60.66570346,633.3043797,13.39618697,433,36.67648332
0.574353301,6.580241169,69.50529938,958.0944438,24.00391537,434,37.92845419
0.426839779,5.767982567,69.11228307,6.784511052,0.109333336,435,37.87119575
0.429742083,5.783635344,68.90956624,6.70276863,0.108444447,436,37.8416831
0.451901431,5.752081785,69.4475708,6.430759509,0.108444447,437,37.92003654
0.438775638,5.82999949,69.6044426,866.5878657,13.39080677,438,37.94289403
0.444155946,5.710256253,69.67896016,6.307823836,0.104888891,439,37.95375969
0.357953022,3.810362142,68.03640238,7.107273847,0.103111113,440,37.71547844
0.544002528,2.714730277,60.49801254,5.251027585,0.103111113,441,36.64115038
0.538953543,5.606135299,67.6289266,454.6543629,6.751520621,442,37.65569012
0.271177811,3.47483769,68.41593679,8.186677729,0.103555558,443,37.77007585
0.301667959,4.76563513,69.26372019,8.069312342,0.106662935,444,37.89328105
0.333114239,4.287979642,69.40055847,7.678599442,0.10622458,445,37.91317998
0.270293258,3.867911347,69.47260157,499.5507979,6.737511704,446,37.92367631
0.303142726,5.746954986,69.42679977,7.976786969,0.10577464,447,37.91700249
0.35543026,5.747422559,69.36859258,7.58410921,0.10844101,448,37.90854175
0.427410622,5.699842203,69.52095541,6.738033057,0.108440683,449,37.93072421
0.445416788,5.850218899,69.56151454,1397.885674,20.07455216,450,37.93680524
0.349134709,4.419647218,67.92405955,7.602992785,0.107557336,451,37.69884971
0.327897827,5.767872426,69.43124008,7.763768712,0.106671173,452,37.91765156
0.342820873,5.819389022,69.61483892,930.6436853,13.37741782,453,37.94440825
0.362111519,5.778089032,69.5174408,417.9237735,6.073346777,454,37.93021156
0.422494881,2.109453826,59.83040862,382.7829299,9.871635907,455,36.56796386
0.309109214,3.841691509,69.5909996,7.843918109,0.104886136,456,37.94093362
0.27097704,5.746418575,69.68203862,541.0051888,6.753697506,457,37.95420644
0.32882721,5.74176418,69.64453252,7.613454923,0.104888506,458,37.9487373
0.363297482,5.850847403,69.47200521,7.360307004,0.106666669,459,37.92359231
0.242064061,5.834739845,69.45351155,2184.435351,26.70882292,460,37.92089358
0.234657487,5.818599103,69.69915619,688.3005123,8.080526684,461,37.95670231
0.348434366,2.322911628,69.47241974,395.95155,10.0726416,462,37.92364983
0.232061309,3.107065871,69.1674703,590.0779801,6.754664987,463,37.87926211
0.308214766,4.046771942,69.40875117,8.186887281,0.109333336,464,37.91437302
0.347647883,4.563691778,69.37058385,491.7538236,6.765323186,465,37.90881237
0.340285644,4.948673492,69.06844966,479.5649094,6.756906122,466,37.86480745
0.350854337,4.785649219,69.13921738,86.92890139,1.342570456,467,37.87511141
0.389834896,5.751228683,69.36873627,414.4382022,6.744895762,468,37.90855966
0.43118464,5.834823027,69.64704259,1383.084858,20.07839281,469,37.94910391
0.322512225,5.731223094,69.53546779,8.014698198,0.109333336,470,37.93283828
0.282141022,5.76802579,69.48306402,1084.28547,13.4052538,471,37.92520895
0.309325214,5.72587366,69.50026448,516.2884319,6.752434557,472,37.92775018
0.316364552,5.788743043,69.43349203,1475.089369,20.09879127,473,37.91798167
0.327386538,5.75206941,69.67227173,497.9943629,6.755565601,474,37.95278292
0.345747873,5.736444181,69.63552984,512.3223704,6.747537732,475,37.94742519
0.322510526,5.047330737,69.05109236,333.7191388,4.536112843,476,37.86249378
0.352896353,5.731425924,69.48453267,7.691684428,0.109777781,477,37.92541532
0.456355224,4.874413668,69.40570704,1257.093141,20.05463424,478,37.9139444
0.344453464,5.129538273,67.79100672,2835.184374,39.82429441,479,37.67990094
0.321172814,5.916906128,69.3156573,2940.241407,40.00915845,480,37.90080902
0.310525437,5.932236549,69.38585536,2984.816952,39.98635228,481,37.91103671
0.385162811,5.881238602,69.09263611,2662.421701,39.99731763,482,37.86838374
0.349421921,4.98123116,69.16922633,2824.51917,40.04428991,483,37.87965944
0.324018122,5.995755751,69.57995309,2924.338208,39.98789257,484,37.93934315
0.309824706,5.952378111,69.5057195,2761.301367,36.6675641,485,37.9285054
0.306577771,5.914222849,69.2963632,3001.729404,39.99549898,486,37.89802403
0.289035112,6.016630635,68.76191457,3085.011698,40.01770147,487,37.82022371
0.388758414,5.836971705,69.74130503,508.8267763,6.764428896,488,37.96287451
0.332574785,2.958505133,69.45306015,2888.668181,39.98915227,489,37.92082913
0.320869759,5.783424767,69.62024434,8.032734951,0.109329427,490,37.94519799
0.35041365,5.768016084,69.32497024,7.809260899,0.111111114,491,37.90216825
0.252816515,5.801355779,69.28230413,505.6718411,6.763980002,492,37.89595023
0.329607328,5.746545069,69.32779948,8.064947166,0.111111114,493,37.90257904
0.345931446,5.676520351,68.90077273,449.6711229,6.758865605,494,37.84075285
0.319920624,5.783788403,69.36501821,8.049220676,0.109335025,495,37.90800622
0.380121092,5.875781745,69.51771291,1824.776563,26.70044909,496,37.93025098
0.347768476,5.772977359,69.57887141,507.2633255,6.759110887,497,37.9391648
0.460795209,5.829466249,69.31728744,6.275811753,0.107555558,498,37.90105075
0.464935654,3.835802559,69.51988526,654.8428282,11.78312687,499,37.93060756
0.407679011,5.539382936,69.27500153,1328.791804,19.57233129,500,37.89488872
0.473461509,4.817914024,69.5392863,794.6562675,13.05821418,501,37.93340702
0.436015869,5.75687029,69.42855454,826.6758656,13.0662037,502,37.91726121
0.401896214,5.814128924,69.54006068,1681.74828,26.03373537,503,37.93350806
0.445434689,4.727446562,69.37075195,1810.860294,31.2182411,504,37.90884635
0.398297091,5.866199199,69.40644709,2541.47878,39.02511851,505,37.91403625
0.420769572,5.82999949,69.31129074,2444.477829,38.996027,506,37.90025285
0.407260299,5.876334141,69.49981308,2499.110143,38.96454684,507,37.92764562
0.401965757,5.906931676,69.52592087,2523.833217,39.00308291,508,37.93144898
0.413892428,5.751801416,69.34353383,418.9747828,6.584024042,509,37.90486981
0.463621408,5.88662995,69.28319549,1827.427797,32.51876391,510,37.8960807
0.46118323,5.966062441,69.23958333,2275.4999,39.0014286,511,37.88972839
0.456378534,5.932256001,69.44359334,2294.367727,38.99116135,512,37.91945067
0.415453017,5.952430584,69.57078679,2467.735395,39.01773198,513,37.93798917
0.310912316,5.953004733,69.50735982,2907.491941,38.99021022,514,37.92874287
0.31848519,5.917041965,69.27068837,2877.033324,38.9876283,515,37.89426586
0.333485916,5.813984052,69.50087992,960.5501858,13.06809448,516,37.92779826
0.555707758,5.942123443,69.34491348,1574.761119,32.54417491,517,37.9050859
0.440189019,5.917238561,69.43091965,2362.758518,38.9946715,518,37.91760205
0.44760707,5.912230926,69.34346135,2332.286296,39.00495911,519,37.90486069
0.395638069,5.886693553,69.46047211,2548.910871,38.97124863,520,37.92190828
0.409104754,5.932167921,68.95980454,2496.938631,39.00992902,521,37.84908268
0.385387247,5.978142486,69.49887848,2592.190352,38.96851285,522,37.92750649
0.359800706,4.950595471,69.1668663,2702.591935,38.9862264,523,37.87915486
0.271520332,1.967096668,69.31665802,3072.094396,38.96010208,524,37.90096261
0.310691351,0,68.75796967,2913.975858,39.00074539,525,37.81964461
0.440563515,6.072564335,68.98166656,2377.914905,39.34397061,526,37.85218083
0.402863945,6.052364888,68.72144699,2522.719412,38.98885727,527,37.81432654
0.427948639,5.651045826,68.56204732,2385.551734,38.40724818,528,37.7911483
0.415226142,5.741641659,69.10463969,2470.709755,39.00592423,529,37.87008778
0.431317389,5.715596322,69.26272837,2400.489256,38.98797035,530,37.89309846
0.434030876,5.747133526,69.26610565,2388.36385,38.9832503,531,37.89359587
0.440042322,4.455840252,68.94319534,1582.971985,26.0337437,532,37.84658808
0.438391546,5.503376258,69.26738866,448.5528167,6.715014761,533,37.89378023
0.45755211,5.290647124,69.1783282,1090.024744,17.51628295,534,37.88081685
0.406514118,5.794056383,69.27105586,1941.263319,30.16355546,535,37.89431169
0.413700059,5.793357474,69.27626165,1566.244946,24.94827789,536,37.89506979
0.468499656,5.99847318,69.21705628,2588.03417,44.97358259,537,37.88645206
0.397905012,6.201452755,69.2252922,3006.971699,45.9210612,538,37.88764765
0.426206306,5.871399794,69.39821879,2576.801003,41.49150149,539,37.91283779
0.400877804,5.881534085,69.45344671,2690.16377,41.48801613,540,37.92088558
0.444669987,5.902047703,69.51202011,2491.644389,41.4592603,541,37.92942511
0.453528007,5.881539576,69.53890228,2455.102213,41.51324526,542,37.93333976
0.392072394,6.251099947,69.21865845,2725.416561,41.38545418,543,37.88678958
0.486918022,5.937643323,69.55823517,2302.850509,41.48095576,544,37.93615941
0.451950352,5.891703902,69.53402074,2461.806353,41.51147398,545,37.932628
0.456691161,5.922314219,69.4154892,2440.121832,41.5090847,546,37.91538168
0.524059216,5.932240709,69.31879298,2141.042074,41.54806455,547,37.90127234
0.563375682,5.942390699,69.49766922,1958.892401,41.45886231,548,37.92733286
0.516688162,5.917050227,69.564328,2174.093083,41.56818161,549,37.93704808
0.458800525,5.937598761,69.4516894,2431.028176,41.5044543,550,37.92062868
0.468084027,5.89179607,69.45749156,2399.469912,41.66531817,551,37.92147421
0.470996986,5.927545555,69.46596146,2382.896847,41.63078944,552,37.92270823
0.474774828,5.907071925,69.45888646,2360.255229,41.52161408,553,37.92167853
0.450968713,5.942254058,69.67820994,2482.843717,41.85453606,554,37.95370319
0.447593798,5.962808323,69.53670247,2480.536177,41.49956958,555,37.93303874
0.439254532,5.922109008,69.4312973,1215.895414,20.80313892,556,37.91765988
0.507469396,5.930428907,68.74745178,801.0231041,13.91732748,557,37.81855459
0.586727704,6.114319651,69.64583842,1613.406522,34.71363839,558,37.94899041
0.478268494,6.037395112,69.35132599,1237.666838,20.87264468,559,37.90600797
0.28251498,6.082264689,68.81903649,2799.155434,31.02234935,560,37.82852985
0.585061426,6.02266637,68.8630689,453.0116977,6.992936226,561,37.83501179
0.624183227,5.917054764,69.30107753,4.556924984,0.112000003,562,37.89868437
0.589707533,5.92209589,69.15407435,4.975513361,0.112000003,563,37.87728632
0.780816352,5.977656386,69.10395203,2.656024195,0.112000003,564,37.86998798
0.658139889,2.231481271,69.13579814,763.1775975,20.79605254,565,37.87466769
0.609743098,6.028757555,68.94820277,1758.158977,41.51892599,566,37.84748634
0.61480395,5.946989746,69.33811569,568.6247693,13.90567131,567,37.90408601
0.55995664,5.97308391,69.52603531,1609.667319,34.60715429,568,37.93146368
0.604817401,6.007427381,69.35386531,1407.36402,33.09238884,569,37.90638346
0.578907927,5.972544301,69.37988663,1913.421071,41.97645187,570,37.91017236
0.663651645,6.043324171,69.21649679,1529.315742,41.98855782,571,37.88636768
0.605419969,4.72558457,64.03248978,1801.48025,42.00611242,572,37.14164688
0.429370741,0.960413513,42.1456782,468.7209786,7.078728757,573,34.08816999
0.619141439,0,26.24333422,4.823753183,0.102852047,574,31.97115906
0.437922258,5.223558907,70.29015852,594.844498,15.29106753,575,38.04505993
0.296099946,6.612933453,71.38975271,1033.440396,13.3942649,576,38.20376404
0.327731654,6.48934347,71.16932932,461.969218,6.768863452,577,38.17149184
0.298071602,5.276156444,71.26760101,1137.466607,16.11191283,578,38.18589609
0.46450668,5.063337652,70.72923889,708.8600657,16.06872054,579,38.10711053
0.42024636,4.243852197,70.69456863,492.3102629,11.14954946,580,38.10207651
0.897934496,0,69.2743632,353.8168996,31.99916394,581,37.89479543
0.60279566,4.468499197,69.67352867,1542.597191,37.69023911,582,37.95303883
0.408914564,6.596624037,70.23099454,1012.421917,15.4716545,583,38.03431597
0.416516523,6.730120836,70.33421071,2837.842572,45.01191203,584,38.04938515
0.438454484,6.708039853,70.21257146,2739.334744,45.12450028,585,38.03162808
0.410740748,6.721626988,70.42687861,2863.031596,44.96991539,586,38.06292791
0.450623507,6.640442586,70.40013377,2670.015229,44.98706373,587,38.05901507
0.457057099,6.608380836,70.31909943,2640.610338,44.9994812,588,38.04717999
0.488587896,6.62688117,70.44481659,2484.472567,44.99428876,589,38.0655438
0.482563068,6.603882946,70.1290067,2516.308025,44.98541196,590,38.01942158
0.502989769,6.603988773,70.25043615,2419.416412,45.03148524,591,38.03714984
0.509911453,6.530623485,70.4588,2381.137266,44.9919548,592,38.06758489
0.559466124,6.544832938,70.35241572,2140.727233,44.98296865,593,38.05204171
0.531613027,6.475473569,70.31968943,2277.407025,44.9823424,594,38.0472692
0.571497013,6.706579444,70.27022934,1280.767973,30.05104145,595,38.04004043
0.590685566,6.343565074,70.48278936,1047.923567,26.51480619,596,38.07109965
0.516994909,6.342964114,70.33605575,2086.073448,39.97205925,597,38.04965369
0.481527463,6.498495285,70.36128616,2242.144488,40.02567164,598,38.05333616
0.504931381,5.368922783,70.21308772,2137.668723,39.9589138,599,38.03169303
0.481939813,6.432683084,70.04375331,2240.450307,39.99730619,600,38.00697797
0.478641932,6.64034367,70.42878469,2207.105327,39.23738416,601,38.06319797
0.582110751,6.42387245,70.30562286,1449.020479,30.98048407,602,38.04521738
0.521317149,6.262503621,70.40899531,2327.210305,45.00432714,603,38.0603056
0.527795096,6.267414935,70.30199814,1718.897212,34.17338316,604,38.04467664
0.529181639,6.400464628,70.30550766,2033.866025,39.9801019,605,38.04518955
0.511494353,6.310544348,70.39067078,409.0874446,6.754215523,606,38.05763782
0.499407624,6.272469238,70.36378352,724.0426801,13.39610508,607,38.05370372
0.508575112,6.229150165,70.47957357,312.5609815,6.750278786,608,38.07062076
0.476521135,6.16620045,70.16825994,6.336365236,0.112000003,609,38.02515103
0.469218855,6.26104996,70.20866521,807.6939045,13.44486333,610,38.03105091
0.501338214,6.214500884,70.26449967,407.7297417,6.744952861,611,38.03920189
0.46837759,6.190409834,70.08332062,6.488908233,0.112890845,612,38.01275028
0.456752842,6.291735636,70.19246928,6.626737951,0.11288751,613,38.02868555
0.418596978,6.27223468,70.27877553,7.036621766,0.112000003,614,38.04128749
0.423985705,6.296329841,70.31489945,6.941214524,0.111555559,615,38.04656364
0.444501837,6.272254562,70.2049141,378.1980514,6.764034044,616,38.03051325
0.436156412,6.238415141,70.31824875,421.8192451,6.755138171,617,38.04705348
0.411531294,6.238290592,70.38586171,397.8165165,6.756912006,618,38.05693084
0.410872002,6.315625036,70.29695638,492.2608741,6.754661969,619,38.04394445
0.432723741,6.239109315,70.38662338,6.810693144,0.11111338,620,38.05704145
0.480648379,6.305439284,70.40044022,1000.046123,20.06092282,621,38.0590577
0.407316282,6.32495695,70.51776886,2560.492964,40.00119655,622,38.07620851
0.41840235,5.097779046,70.47288056,1997.251154,32.00765314,623,38.06964545
0.418593124,3.140619445,70.58251699,443.8131944,6.745800967,624,38.08566165
0.379846379,6.223826163,70.44443639,449.8682845,6.7498683,625,38.06548855
0.371379768,6.394455764,70.49141312,2709.3341,39.87702815,626,38.07235972
0.417958833,4.64754071,70.38150978,1751.681549,24.29807874,627,38.05629817
0.348649214,6.165627254,70.38776652,939.2863488,13.40802918,628,38.05720509
0.377876282,6.180679757,70.18705368,431.9980707,6.758674396,629,38.02789583
0.370093445,6.14147095,70.36049779,475.4054406,6.783546221,630,38.05322226
0.368943597,6.272433097,70.42733129,450.1394552,6.760871056,631,38.06298416
0.362278536,6.195283443,70.32696788,7.71725182,0.112000003,632,38.04832494
0.326332296,6.219444487,70.05804189,524.4788659,6.747217623,633,38.00907565
0.334530994,6.315175674,70.00275294,498.321881,6.777763171,634,38.00098987
0.332829431,6.267956234,70.12785212,8.170447581,0.113333333,635,38.01924978
0.309149111,6.290449124,70.38385391,464.9480445,5.927970658,636,38.0566498
0.341937937,5.090930743,59.79119285,776.9227919,16.45311426,637,36.6205205
0.3033928,5.056371136,70.07026545,8.433560962,0.111998018,638,38.01086838
0.626400893,6.309472072,70.41251119,4.444437213,0.109777781,639,38.06082225
0.444950884,6.290208714,70.51851654,1028.154834,13.40449108,640,38.07631033
0.320900982,6.131222394,70.39105098,8.155064831,0.111113395,641,38.05769164
0.319618553,6.213810453,70.27083333,2989.150667,40.75838828,642,38.04013202
0.406306371,2.462613269,58.22121048,7.325073127,0.108264217,643,36.34593095
0.268816481,4.980592372,67.78675143,2732.16212,35.96935733,644,37.67971854
0.350858577,6.12066752,68.24227015,7.857255092,0.111555559,645,37.74504606
0.240135508,6.175516299,69.60549164,1498.27091,19.85343395,646,37.94305224
0.274832199,6.165980944,69.61962636,706.6455792,9.31315587,647,37.94510893
0.255536273,6.243565617,69.51499303,1521.400734,18.56350834,648,37.9298582
0.259038794,6.165866042,69.39989599,9.050237146,0.112886595,649,37.91308191
0.24720104,2.904630655,50.20572567,77.87387072,1.082816198,650,35.20829376
0.466115207,6.301412684,69.3900528,3214.912845,55.6683445,651,37.91166194
0.275213902,6.309486471,69.19552612,1503.575309,19.28464487,652,37.88331565
0.417507884,6.252576636,69.13687134,526.5400489,9.830271968,653,37.87477131
0.256301299,6.252716977,68.66386668,770.2641947,9.249970683,654,37.80597372
0.29595695,6.334449209,68.88367335,1478.168948,18.37968227,655,37.83792242
0.371326024,6.393239493,68.81309891,950.8782792,15.04782277,656,37.82765185
0.272975782,6.729362739,69.23915405,1262.767299,19.26640731,657,37.88967149
0.268474075,6.795898479,69.33290736,8.971436283,0.113333333,658,37.90332646
0.214587341,6.553611056,69.41075007,1549.412266,18.68030782,659,37.91466555
0.283767988,6.552509473,69.43787003,8.64431256,0.111555559,660,37.91862969
0.445572929,6.712367879,69.5067766,1890.640219,36.94416062,661,37.92865935
0.330929433,6.381447182,69.32505544,1405.124384,18.68101477,662,37.90218099
0.309102101,6.407299875,69.49023777,2056.235683,26.30281393,663,37.92625092
0.354317755,6.461317129,69.54330699,1287.565209,18.99736221,664,37.93399017
0.372562028,6.332143317,69.47910563,1374.479951,19.88297047,665,37.92462644
0.265745332,6.376801031,69.38492457,1578.641891,20.32320246,666,37.91090257
0.230066267,6.223442038,69.4212176,854.3896561,10.15753342,667,37.9161935
0.212117908,6.228123888,69.30979284,958.6549535,10.1817638,668,37.89995731
0.210974751,6.116981187,69.4631424,9.602673798,0.112442625,669,37.92230307
0.207127765,6.200284213,69.46887461,936.6726503,10.14007425,670,37.92313285
0.194167001,6.107075808,69.22179921,9.965735994,0.11422222,671,37.88714105
0.273900993,6.141731349,69.13366572,837.7702651,10.1223805,672,37.87431325
0.226924772,6.209868852,69.43358231,9.525158975,0.113776034,673,37.91799548
0.226573944,6.300773579,69.35743205,862.8245262,10.32638031,674,37.90689476
0.213273617,6.238623274,69.2737325,9.766127118,0.114666663,675,37.89470419
0.194585055,6.276706113,69.18069204,828.1120066,9.884525864,676,37.88115722
0.241941484,6.214514082,69.54884338,9.331980772,0.113777776,677,37.93479453
0.215486556,6.196980589,69.11449432,9.701320928,0.114130993,678,37.87155521
0.230690214,6.372322588,69.46757634,3581.022679,42.41892645,679,37.92294486
0.226820645,6.324897168,69.4592514,4411.033917,51.99560436,680,37.92173551
0.233288221,6.426883873,69.58176295,6173.120204,74.49393527,681,37.93959208
0.234119656,6.45151844,69.59023667,2738.742993,34.18517574,682,37.94082768
0.301666862,6.368940706,69.21438751,8.670886703,0.114666663,683,37.88606213
0.28534247,5.604322055,69.1824557,402.2285568,8.620881328,684,37.88140761
0.243842986,6.300869807,69.33535767,2664.683542,33.89992482,685,37.90368064
0.22977522,6.507620352,69.52157211,4030.665661,48.38365555,686,37.93084528
0.228706464,6.348819073,69.3434639,1323.120821,15.65686653,687,37.90486087
0.336690882,4.791580593,66.96546097,8.284545924,0.114661787,688,37.56202009
0.241342798,6.278712605,69.38798523,1268.98846,15.31272743,689,37.91136362
0.229753228,6.372269696,69.52515539,9.481747544,0.113775257,690,37.93133892
0.26402698,6.357405268,69.08300654,636.5956362,8.384875483,691,37.8670072
0.274127138,6.326223701,69.36384519,984.6867196,12.28688704,692,37.90783404
0.266143325,6.277095414,69.29732895,652.0696495,8.212947774,693,37.89813959
0.290549268,6.258212118,69.01342519,8.916244762,0.115999997,694,37.85680279
0.280997358,6.133624879,64.78893089,1200.118361,15.85674268,695,37.24884015
0.229197496,6.239018162,69.40006256,9.568811295,0.114666663,696,37.91311097
0.234801638,6.267521214,69.51653163,9.494887874,0.114664294,697,37.93008
0.257972981,6.267883792,69.52722168,9.277456848,0.115555332,698,37.93163877
0.552869561,5.574080917,69.37209015,1173.972173,31.75612513,699,37.90910012
0.234706857,6.37970383,69.44098918,440.2089388,9.36631703,700,37.91908186
0.361908808,5.681751548,65.38919195,7.957839719,0.113773482,701,37.34429521
0.327369174,6.312293743,70.24300385,1855.10879,26.63756023,702,38.03622046
0.238883462,6.172589721,70.34579468,611.7173928,8.156412053,703,38.05165909
0.248215032,6.277084731,71.31025315,634.3759882,8.134612331,704,38.1921214
0.256094336,6.232103428,69.83692678,1323.316874,16.15790298,705,37.97692462
0.427884852,7.119780751,69.14297994,1974.230103,30.63952411,706,37.87566174
0.278944189,5.438733445,69.17183685,1444.511955,17.78923508,707,37.87986302
0.258621002,5.114941303,69.336586,2123.54347,26.48271116,708,37.90386056
0.242576752,6.231255002,69.2397747,418.3376501,5.018895247,709,37.88976015
0.253729607,6.229245156,69.29274241,591.7150086,7.028087126,710,37.89747071
0.288496628,6.37204377,69.10989889,1774.003936,23.0407091,711,37.87084923
0.270628847,6.246005187,68.69382858,941.7892601,12.59030088,712,37.81035435
0.229310947,6.310289174,69.32085418,1878.996248,22.50088954,713,37.90157268
0.262334513,6.247816497,69.25929642,583.3307764,7.362771345,714,37.89260041
0.242154325,6.257828476,69.31725438,939.2134118,11.022506,715,37.90104172
0.248099747,6.367509383,69.37852605,2100.35144,25.80347411,716,37.90997173
0.376463634,6.532345651,69.56090864,1350.589515,19.27544334,717,37.93655769
0.488251666,6.63143552,69.44908778,155.8730863,2.836413366,718,37.9202654
0.479816621,6.765667937,69.4725469,136.3160024,2.444820682,719,37.92368665
0.480694334,6.793519063,69.31617482,113.7527781,2.029453426,720,37.9008842
0.485647023,6.788494979,68.60012817,85.38883732,1.510423906,721,37.79700523
0.478434667,6.721743974,69.32621892,6.420919977,0.113779792,722,37.9023651
0.457395737,6.695407555,68.84437434,252.8855599,4.210150591,723,37.83223606
0.527859509,7.211163998,68.17772293,5.90682345,0.11733333,724,37.73536406
0.552598615,2.119305829,60.71794383,1676.943597,33.55098088,725,36.66558505
0.254123864,2.146276022,67.8399849,277.0716628,3.579047652,726,37.68672979
0.258729269,0.949973701,68.74644852,152.7855982,1.975517645,727,37.81796786
0.257916853,0,68.38978958,9.436720526,0.11733333,728,37.76618265
0.209091731,0,67.50976563,9.815802031,0.11733333,729,37.63839015
0.641553741,4.362164803,68.99509812,1045.866029,21.4211006,730,37.85532383
0.469124337,6.735005866,69.91745249,1565.516557,27.28719044,731,37.98854472
0.43261901,6.797473219,69.76698176,1643.287836,26.78204568,732,37.96660928
0.462774833,6.779643252,70.17230479,1513.492548,26.08401044,733,38.02574149
0.42850318,6.787866353,70.11210505,1749.149687,28.25606314,734,38.01697053
0.643939863,6.580336893,70.22103628,1029.599348,27.0882864,735,38.0328627
0.556045642,6.581602611,70.07463074,1376.349804,28.64272753,736,38.01148263
0.48851344,6.505716767,69.74503454,1468.78657,26.58183638,737,37.96342099
0.350968122,6.324930717,69.5651207,2032.523094,28.80161349,738,37.93717639
0.293605958,6.30841553,69.3862292,2095.365151,27.35830879,739,37.91110668
0.311540954,6.106329988,68.69493993,1429.314467,18.52133238,740,37.81090556
0.263358668,6.325903296,70.54419581,1108.600514,14.16571268,741,38.08006233
0.184730438,6.034454825,65.121322,1118.737116,12.59742594,742,37.29546334
0.212751895,3.378687151,57.65338326,1171.454816,13.50791947,743,36.23263267
0.255289329,3.799894802,54.35319138,1226.800913,14.66088327,744,35.76333164
0.138290967,6.367642368,70.13196818,1252.842968,13.43060891,745,38.01985629
0.162182735,6.410244501,70.50501124,1297.524026,14.31711483,746,38.07433458
0.187000425,6.423115968,70.01531601,1199.07655,13.44432945,747,38.0028311
0.266591214,6.267441114,69.94807053,753.738532,9.6720379,748,37.99301162
0.282816969,6.281802132,70.25586319,579.8949629,7.140982296,749,38.03794369
0.240456887,6.442883881,70.17208354,1230.754212,14.96021939,750,38.02571277
0.227425287,6.405325531,70.26311493,1150.514069,13.78483057,751,38.03899891
0.296664593,6.456915785,69.95928192,1359.223925,17.89493211,752,37.99464973
0.320959951,6.533852887,69.85862223,1379.544653,18.82724635,753,37.97996872
0.28192056,6.409745279,70.10569636,1387.507194,17.89292463,754,38.01602426
0.265652051,6.420058444,70.30652924,1414.607357,17.80830307,755,38.04533978
0.228495509,6.438099509,70.30289586,1385.209485,16.62307692,756,38.04480801
0.353489692,6.315246645,68.43418376,867.3938465,11.64494712,757,37.77255023
0.393353475,6.271095028,67.96684265,1089.243212,16.20393872,758,37.70466226
0.284007085,6.170616682,68.09788895,393.3269731,4.895178062,759,37.7236928
0.308592787,6.041489594,67.82087708,9.337052279,0.124403454,760,37.68347854
0.307127516,6.214745491,67.8954277,174.2545722,2.378463735,761,37.69430043
0.2907744,6.219556197,67.47985967,137.8186023,1.752729567,762,37.63401141
0.314702625,6.190356703,67.61862818,121.8298127,1.688272866,763,37.65414109
0.299794704,6.200305028,68.27684911,107.7466503,1.328626621,764,37.74968447
0.331858094,6.22855492,68.29358928,480.218918,6.477678668,765,37.75211575
0.325280463,5.71386031,68.2696387,108.4203358,1.434741304,766,37.74863839
0.314596986,6.238533665,68.21865336,352.9062777,4.444528624,767,37.74122994
0.475272214,6.265446813,66.7961216,6.917628023,0.120888886,768,37.53599281
0.45378614,6.345652925,68.36582565,503.8765055,11.06565295,769,37.76261091
0.285271784,6.179022104,68.26730982,82.0107529,1.073906472,770,37.74829964
0.403566393,6.299788213,59.29541302,890.0980684,12.99937368,771,36.54370513
0.306687835,6.224170567,69.45138296,66.99403088,0.864300088,772,37.92058375
0.235409712,6.334844938,69.35117213,10.15120169,0.122666664,773,37.90598719
0.240608156,6.271765141,69.59046046,9.786487558,0.119111049,774,37.94086955
0.254120084,6.28187962,69.69128164,117.2522219,1.412355163,775,37.95555879
0.31455642,6.26772045,69.35170619,8.776064627,0.118229278,776,37.90606043
0.321400384,6.272481989,69.39945475,98.13501951,1.393390847,777,37.91301841
0.426011334,6.309991891,69.33703995,296.4234133,4.505271855,778,37.90393203
0.356329436,6.362426151,69.46566773,47.33784362,0.74638007,779,37.92266859
0.187794889,1.073839155,38.55734094,10.57189461,0.112888891,780,33.62546814
0.412940031,0,58.44069252,7.859404353,0.115733331,781,36.38390253
0.251796484,0,69.37836202,342.584075,4.485599252,782,37.90994838
0.381827384,0,69.39592997,7.889846222,0.117780054,783,37.91250392
0.563830336,0,69.34094493,5.585452716,0.118230088,784,37.90450446
0.334034803,0,69.35246913,8.706861653,0.120888886,785,37.9061725
0.312380716,3.193203283,69.1948204,303.596737,4.038808541,786,37.88321144
0.338139499,6.342296743,69.31902186,8.721109689,0.121777775,787,37.90131282
0.391623504,6.229105018,69.04610761,16.62680102,0.244636118,788,37.86156119
0.286971207,6.175886757,68.73183187,82.76752117,1.109388436,789,37.81582569
0.297647153,6.190135508,69.05062739,212.0111327,2.763150237,790,37.86222377
0.251248824,6.151334439,68.76444626,65.69417701,0.820615787,791,37.82058409
0.30602097,6.282438167,68.32787323,158.0095537,2.064813296,792,37.75709841
0.358381728,6.26783811,68.89260483,202.4986042,2.919927577,793,37.83922668
0.209559508,6.16305765,69.09553655,179.003478,2.418010459,794,37.86876095
0.19794258,6.190007178,69.22087987,414.2513183,4.841259524,795,37.88700573
0.158039242,6.33745451,69.27602641,701.6739599,7.328052778,796,37.89505576
0.316934039,6.300991025,67.92442703,883.9445753,12.12611844,797,37.69863229
0.388319758,6.180806212,66.24804242,649.9892003,10.65806892,798,37.45835726
0.38995675,6.290749839,68.45649974,471.2420681,7.784722308,799,37.77596299
0.451256448,5.453647718,68.6723114,633.5495233,9.333705239,800,37.8072626
0.623656795,6.158461756,67.11331876,942.9491531,22.82156459,801,37.58092005
0.399054975,6.135906507,68.75841395,838.9851752,12.69932985,802,37.81987846
0.404319172,6.271897365,68.91569392,1011.966868,15.81814273,803,37.8426289
0.46530803,6.194841638,67.39584351,836.0643185,14.53662666,804,37.62198724
0.46763891,6.272705807,67.41387177,1032.063306,17.95315965,805,37.62468934
0.569528312,6.256968621,67.26248296,961.4780148,20.24422359,806,37.60251973
0.672089249,6.199654241,68.3869222,608.2163857,17.99725676,807,37.7657985
0.587494617,6.156533172,67.70318095,890.5071856,20.18519926,808,37.66647609
0.611405323,6.293946558,69.20399984,1010.072907,24.08774455,809,37.88485116
0.558629691,6.3341501,70.91946475,779.5462751,17.27250914,810,38.13494355
0.537778104,6.301072433,70.14793523,890.5181095,17.79360731,811,38.0222096
0.596106958,6.380699076,70.67671356,844.2696168,19.43657417,812,38.09945858
0.57181861,6.348776644,70.70947266,873.4965306,18.9492542,813,38.10426085
0.562175418,6.232814671,70.5441157,609.764885,14.10213233,814,38.08009297
0.657651116,6.324945478,70.69657262,726.8321471,19.69065285,815,38.10236102
0.631130636,6.305975468,70.38915253,775.0900778,19.46365833,816,38.05744046
0.611646166,6.267314455,70.33079656,848.2301756,20.25348377,817,38.0489191
0.725599612,6.433150828,71.64088186,478.7798157,17.33829784,818,38.24058957
0.665396392,6.456937255,72.0384407,701.0004809,19.51849715,819,38.29886463
0.606307795,6.362188454,72.19385529,357.3301806,10.13699844,820,38.32166813
0.623362685,6.319775139,71.04642995,673.4246038,16.7788713,821,38.15369084
0.677041739,6.405101545,72.12704086,649.9395549,18.72965113,822,38.31186739
0.706511458,6.442855628,73.15613556,883.4162957,27.47883702,823,38.46316111
0.596653829,6.451777352,73.73095068,1372.344362,31.9799703,824,38.54774384
0.536475947,6.30947084,72.16407903,1059.46305,21.18058586,825,38.31729376
0.419561803,5.036287133,71.79059346,566.1307876,10.47679725,826,38.26255986
0.504190856,6.295037683,71.97213592,1081.280877,20.23656616,827,38.28916776
0.408620566,6.248136744,71.63172531,994.3646088,16.49338679,828,38.23925292
0.555760965,6.367373135,71.07111994,1052.405525,22.34120528,829,38.15713711
0.527576432,6.45532556,71.45659765,1056.209054,20.76649888,830,38.21356514
0.589340126,6.334490807,70.80861918,988.4782757,22.01335335,831,38.11873424
