0.579,0,28.95,2042.31,40,1
0.530150144,0,29.15709131,1940.622493,33.42082423,2
0.39017293,0,29.40956906,2780.781946,36.72077478,3
0.440601947,0,29.26559553,1857.177522,24.53308251,4
0.464858927,0,29.23652009,1393.774895,18.417954,5
0.44594243,0,32.01428132,1115.358026,14.73905895,6
0.434341425,0,37.5003728,929.1929775,12.28059484,7
0.435311736,0,41.72788724,795.7895929,10.52022903,8
0.438735605,0,45.16977499,892.6288089,12.58560226,9
0.447369148,0,47.73323736,1030.489733,15.69393127,10
0.446849066,0,49.75136823,1175.295706,18.21950478,11
0.448839582,0,51.43197257,1283.485415,20.27668455,12
0.490029774,0,52.98643874,1199.970105,22.01414382,13
0.477036587,0,54.40283268,1290.461594,22.9280657,14
0.457844403,0,54.69404216,1193.714143,21.20438178,15
0.441719439,0,55.72991988,1109.463256,19.70447209,16
0.428749444,0,56.62663047,1035.423093,18.38655067,17
0.4231881,0,57.34478486,1117.352786,19.3447305,18
0.420966487,0,57.93586874,1211.398944,20.59815605,19
0.418288729,0,58.49285156,1267.779528,21.34589744,20
0.408566731,0,59.05417981,1197.254508,20.1563772,21
0.40070759,0,59.56546842,1133.131326,19.07500944,22
0.393920654,0,60.05258873,1074.551399,18.08720236,23
0.387514195,0,60.41566973,1020.808867,17.18090453,24
0.382871674,0,60.75812301,971.2897767,16.34607546,25
0.37782663,0,61.09463315,925.5194701,15.57428328,26
0.372062165,0,61.47517467,883.0722049,14.85837455,27
0.367117742,0,61.82940039,843.5720026,14.19225655,28
0.371340805,0,61.97981504,806.6329715,13.57081533,29
0.370989266,0,62.18057286,772.1254072,12.98955959,30
0.371541403,0,62.20222644,739.7591074,12.44449437,31
0.369721321,0,62.35865702,709.3687494,11.93231225,32
0.368521955,0,62.50296742,680.747048,11.45003151,33
0.368343989,0,62.61586987,653.7350089,10.99504879,34
0.363779309,0,62.68961628,628.2558254,10.56506694,35
0.360450606,0,62.81856618,604.1242888,10.15803366,36
0.356450693,0,62.88080714,581.2590665,9.772191531,37
0.354236657,0,62.88704898,559.5424791,9.405960007,38
0.353484057,0,62.96321957,538.872687,9.057701162,39
0.352198669,0,62.97049424,519.208674,8.726274581,40
0.350371986,0,62.98751158,500.4821775,8.410492351,41
0.348526237,0,63.10800753,482.616886,8.109264613,42
0.348691218,0,63.17657213,514.2908572,8.52649483,43
0.348367518,0,63.37596045,541.5523541,8.936262937,44
0.347373361,0,63.27991176,522.6929893,8.624255981,45
0.350360975,0,63.23142988,534.8647898,8.790948295,46
0.352009618,0,63.22415623,607.8820719,9.867835555,47
0.351461394,0,63.13931024,587.1371621,9.530444165,48
0.351487293,0,63.05428747,567.2266299,9.206714173,49
0.350750254,0,62.96801931,548.1236273,8.895989015,50
0.350977686,0,62.89006736,529.764511,8.597529096,51
0.349548113,0,62.80437256,512.137164,8.310686637,52
0.345994696,0,62.65216279,495.2146719,8.03489837,53
0.342156229,0,62.51359691,478.940927,7.76961972,54
0.338045703,0,62.38549048,463.284036,7.514322084,55
0.334479641,0,62.24983096,448.2074363,7.268541985,56
0.331625161,0,62.14190805,433.679793,7.031817767,57
0.329063886,0,62.06756375,419.6772967,6.803702785,58
0.324794737,0,61.99446582,406.2012744,6.583851148,59
0.322932497,0,61.92428265,393.1821028,6.371852264,60
0.320672576,0,61.88091738,380.6340017,6.167435071,61
0.317751427,0,61.84169312,368.5349835,5.970216381,62
0.316204769,0,61.73635446,356.8487974,5.77992035,63
0.314497601,0,61.72648911,345.5650032,5.596186926,64
0.313966186,0,61.69309363,334.6646977,5.418861168,65
0.31418681,0,61.64474887,324.1309236,5.247626697,66
0.315577374,0,61.57159919,354.3645345,5.658139159,67
0.318175241,0,61.49348648,419.9582857,6.630637896,68
0.320707637,0,61.41521779,483.2031956,7.566916448,69
0.323749246,0,61.41622454,541.697376,8.474976877,70
0.32522472,0,61.38348155,575.1296468,8.971547503,71
0.329156003,0,61.328304,626.5649999,9.830471161,72
0.332447286,0,61.2456646,678.4057922,10.66114072,73
0.335057286,0,61.18059256,730.962985,11.46618858,74
0.334276154,0,61.18384515,794.3849371,12.24438344,75
0.336062758,0,61.12129325,846.0800861,12.99694391,76
0.337447835,0,61.06789987,897.3528116,13.72514081,77
0.352057502,0,60.32224254,882.7026835,13.52096852,78
0.356661376,0,59.82752168,865.6883538,13.28599796,79
0.363241071,0,59.72468629,893.1864831,13.99494143,80
0.366429056,0,59.67585848,932.0454266,14.68136488,81
0.369494277,0,59.63181288,966.4722162,15.1722272,82
0.372104394,0,59.62164224,1004.709137,15.82817381,83
0.369731318,0,59.59988187,1061.728586,16.46270835,84
0.37027708,0,59.66817072,1104.493436,17.07729026,85
0.372634313,0,59.64809377,1132.492986,17.46763695,86
0.36914785,0,59.62328299,1189.970526,18.05923707,87
0.366473302,0,59.58296841,1245.591166,18.66509021,88
0.364690667,0,59.46747049,1292.957281,19.20516521,89
0.364307697,0,59.3370557,1333.988919,19.73199693,90
0.365384507,0,59.24844449,1369.069138,20.26267153,91
0.365075905,0,59.20639451,1378.720742,20.38097773,92
0.367162049,0,59.15047624,1407.028448,20.8703669,93
0.370720162,0,59.26922316,1427.404412,21.34302069,94
0.369812977,0,59.47835757,1462.816243,21.80148281,95
0.369728429,0,59.35786547,1496.71342,22.24587134,96
0.36928616,0,59.22982395,1530.90381,22.67638265,97
0.369254366,0,59.15134897,1562.160631,23.09316856,98
0.369255356,0,59.06656763,1591.957948,23.49773175,99
0.368516684,0,58.89598049,1625.306552,23.88903615,100
0.365812868,0,58.60803888,1669.287463,24.26706716,101
0.365785783,0,58.53548715,1696.660132,24.63387144,102
0.366702649,0,58.47270109,1719.426421,24.990025,103
0.367925981,0,57.93061049,1744.005542,25.33448232,104
0.368082756,0,58.02875943,1767.317194,25.66753024,105
0.368791569,0,58.15466441,1787.399089,25.99063844,106
0.369377525,0,58.2690747,1807.198215,26.30204603,107
0.369096182,0,58.38507811,1829.791778,26.60495849,108
0.369467558,0,58.5016587,1849.101982,26.89809081,109
0.368676617,0,58.61783193,1871.547426,27.17128292,110
0.36864878,0,58.73132508,1890.008388,27.43211336,111
0.36871557,0,58.81982096,1908.38859,27.69203652,112
0.369041222,0,58.91882175,1926.214519,27.96219488,113
0.369319995,0,59.01043951,1943.001812,28.21439926,114
0.369924884,0,59.09635189,1957.847605,28.4569396,115
0.371409156,0,59.17646335,1968.621979,28.69137816,116
0.373347109,0,59.24539021,1977.27167,28.92037609,117
0.375021357,0,59.31262736,1986.299187,29.13962642,118
0.376290026,0,59.37875953,1996.441188,29.35233544,119
0.377850972,0,59.45200156,2004.98819,29.55867451,120
0.378479285,0,59.55911653,2016.354881,29.75575229,121
0.380461389,0,59.6550016,2021.447124,29.93902866,122
0.385541624,0,59.72606098,2014.926261,30.13148806,123
0.3905304,0,59.81538031,2008.1063,30.31484495,124
0.396258744,0,59.90865513,1997.781122,30.48930758,125
0.401695107,0,59.99832308,1988.382449,30.66151623,126
0.406886356,0,60.0849774,1981.902009,30.88114742,127
0.411516191,0,60.16896452,1974.820176,31.04043286,128
0.415384243,0,60.24179489,1970.28873,31.19148095,129
0.41970727,0,60.31907421,1963.57273,31.33732059,130
0.421694804,0,60.23188718,1966.922757,31.4745219,131
0.425562506,0,60.36005052,1961.110371,31.61007643,132
0.429455327,0,60.48398787,1954.897997,31.74283935,133
0.433297123,0,60.57317085,1949.00575,31.8773965,134
0.4347382,0,60.54456524,1952.788142,32.00935323,135
0.438134247,0,60.53008612,1948.481661,32.13604317,136
0.442053242,0,60.55028595,1941.578204,32.25564851,137
0.445585951,0,60.60563899,1936.10875,32.37596574,138
0.447288041,0,60.65514091,1937.689968,32.49435539,139
0.447816815,0,60.69003597,1942.598483,32.58655623,140
0.448240017,0,60.77257224,1948.083372,32.69197735,141
0.449278707,0,60.79069952,1949.540784,32.76213221,142
0.451509543,0,60.96728517,1946.444231,32.84506665,143
0.454071225,0,61.1461745,1942.572191,32.94053303,144
0.456929996,0,61.32067457,1937.630411,33.03922887,145
0.460761095,0,61.48657773,1928.624077,33.13374442,146
0.464744337,0,61.63061923,1918.886251,33.22369943,147
0.469040394,0,61.67871176,1907.578886,33.30698385,148
0.479012303,0,61.62854709,1874.294705,33.39349584,149
0.485742393,0,61.53671605,1853.859752,33.47726605,150
0.492549095,0,61.54419844,1832.842046,33.55198385,151
0.487319074,0,61.69708298,1811.387877,33.06899491,152
0.480248144,0,61.78844334,1755.245943,32.04259708,153
0.476526848,0,61.60702411,1700.817148,31.04809801,154
0.48301693,0,60.36779391,1647.983868,30.0844483,155
0.477296514,0,60.35901546,1596.919959,29.15096756,156
0.468954377,0,60.54315389,1547.472169,28.24656911,157
0.463591991,0,60.76632216,1499.532145,27.37030258,158
0.458107916,0,60.93460614,1453.089433,26.52133305,159
0.452164552,0,61.08097516,1408.099341,25.69877694,160
0.445240912,0,61.3212197,1364.52324,24.901864,161
0.442041445,0,61.51460911,1322.265861,24.12976226,162
0.435877231,0,61.76878979,1281.356286,23.38169889,163
0.435120048,0,62.02064534,1262.404911,22.93594566,164
0.433980931,0,62.22436146,1245.106806,22.59816375,165
0.434980072,0,62.42412915,1271.126813,23.01594881,166
0.431870094,0,62.50559912,1312.997178,23.42075548,167
0.435848099,0,62.68750856,1325.691018,23.81265393,168
0.429182001,0,62.86053653,1341.565978,23.81950761,169
0.431037509,0,63.03326546,1348.854236,24.01366969,170
0.427806061,0,63.20624578,1388.738027,24.38783725,171
0.423357232,0,63.38899999,1345.753373,23.63184691,172
0.419784359,0,63.52188876,1304.097906,22.89936324,173
0.41559038,0,63.70375575,1263.746042,22.18968193,174
0.413361374,0,63.92035164,1224.626066,21.50203772,175
0.411307866,0,64.10267157,1186.724111,20.8358135,176
0.409967803,0,64.2361326,1210.73429,21.12111953,177
0.412171586,0,64.17276688,1217.135687,21.39703493,178
0.415499728,0,64.25076849,1209.880842,21.28934284,179
0.417697462,0,64.34894505,1250.373809,22.02843222,180
0.417420712,0,64.37273506,1301.164622,22.73325186,181
0.414331454,0,64.42260909,1359.705009,23.35949168,182
0.412416539,0,64.46813024,1411.921874,23.97228477,183
0.41027657,0,64.52468702,1464.057205,24.57019513,184
0.408528874,0,64.67336271,1494.905627,24.92488612,185
0.40361518,0,64.82772797,1448.626773,24.15216943,186
0.399418724,0,64.96561794,1403.783511,23.40351983,187
0.398790981,0,65.07585296,1379.700972,23.09013749,188
0.395753241,0,65.17166569,1430.330367,23.60614673,189
0.39444157,0,65.27307969,1473.233904,24.11667216,190
0.395832577,0,65.36460762,1503.127393,24.61278459,191
0.393745891,0,65.41167972,1547.260262,25.093814,192
0.393660446,0,65.43049337,1564.045185,25.31463288,193
0.408245106,0,65.49259188,1533.974838,25.76656219,194
0.405695043,0,65.55396144,1577.515148,26.21022648,195
0.404918863,0,65.6336389,1612.085768,26.63940265,196
0.404591008,0,65.69921163,1643.771542,27.05510088,197
0.404175351,0,65.76564042,1674.815816,27.4570243,198
0.402976098,0,65.83088544,1708.413213,27.84745937,199
0.400397357,0,65.84152585,1747.389616,28.22528462,200
0.397024294,0,65.79681113,1789.239687,28.58892491,201
0.394885491,0,65.81636074,1809.063969,28.736701,202
0.392031625,0,64.70066919,1752.995483,27.84512185,203
0.39527196,0,64.61209316,1698.601758,26.98143313,204
0.399964165,0,64.73294457,1684.525666,26.68632753,205
0.397931135,0,64.76536258,1658.063173,26.22088783,206
0.397281638,0,64.82067732,1680.251478,26.49452374,207
0.400393835,0,64.79410617,1687.935917,26.75896188,208
0.402961388,0,64.81608513,1696.898903,27.01585731,209
0.405272316,0,64.8877377,1705.995453,27.26406663,210
0.4078787,0,64.95129101,1713.462168,27.50523631,211
0.410592784,0,65.00958282,1719.922693,27.7374725,212
0.412670131,0,65.07879429,1728.283057,27.96367217,213
0.416521079,0,65.14841506,1729.513786,28.18199112,214
0.419798831,0,65.20546607,1732.39879,28.39542719,215
0.421796972,0,65.26882649,1739.618192,28.6021476,216
0.423496494,0,65.33177663,1747.55738,28.80276375,217
0.422325128,0,65.38986193,1765.900938,28.99667019,218
0.424509522,0,65.46526313,1771.098754,29.18381797,219
0.423422398,0,65.58182565,1716.178577,28.27857357,220
0.423497974,0,65.69287927,1719.08362,28.30690976,221
0.422822772,0,65.79640599,1712.645743,28.15230025,222
0.421791281,0,65.89670831,1684.016735,27.64150462,223
0.420877139,0,66.00801454,1631.808201,26.78429543,224
0.419363688,0,66.15458018,1654.633997,27.03966638,225
0.418553095,0,66.22147124,1674.927163,27.28768033,226
0.418977432,0,66.32768725,1689.852494,27.52976345,227
0.418944892,0,66.43267246,1705.940296,27.76349813,228
0.415641254,0,66.53427815,1733.864497,27.98946016,229
0.412747311,0,66.57972401,1730.716325,27.844741,230
0.410917541,0,66.63678655,1753.166877,28.06786264,231
0.409218759,0,66.70929302,1774.692451,28.28387411,232
0.411765905,0,66.67991733,1783.479556,28.57561622,233
0.40887237,0,66.62543622,1820.56609,28.93120812,234
0.40550058,0,66.57545159,1859.3682,29.276531,235
0.404978639,0,66.6713227,1883.830404,29.61026296,236
0.402560479,0,66.75204846,1915.608897,29.93299505,237
0.400694921,0,66.71376867,1945.474908,30.24579096,238
0.399928926,0,66.81216649,1968.900219,30.54895337,239
0.39743295,0,66.96104738,1999.081449,30.8437058,240
0.400072337,0,67.09276319,2006.235338,31.1283381,241
0.398638665,0,67.13895326,2031.005113,31.40448659,242
0.397269384,0,67.13599886,2054.945861,31.67119592,243
0.398909125,0,67.04401822,2065.928002,31.93106863,244
0.399666964,0,66.92000312,2080.249379,32.18214553,245
0.400033222,0,66.96235525,2095.290609,32.42583395,246
0.400526722,0,67.04857459,2108.82526,32.66279342,247
0.399571116,0,67.11696631,2128.065409,32.89177085,248
0.399424362,0,67.18293048,2136.446791,33.00981621,249
0.40028071,0,67.08704099,2147.949238,33.22673182,250
0.410800975,0,67.03006265,2116.602289,33.43716916,251
0.41009671,0,66.91566838,2134.353698,33.64467838,252
0.408184228,0,66.85582963,2156.403555,33.84175478,253
0.405506291,0,66.7965955,2137.174864,33.41257204,254
0.404037114,0,66.76992391,2070.871389,32.37568531,255
0.403999517,0,66.73084728,2087.802923,32.62273003,256
0.401146942,0,66.68198914,2023.051435,31.61041746,257
0.399987204,0,66.72761589,1997.479082,31.12597955,258
0.397162676,0,66.82149094,1951.089101,30.36728386,259
0.39290655,0,66.88881374,1967.459647,30.41968554,260
0.390446195,0,66.97544879,1906.450428,29.47594659,261
0.388981769,0,66.91906265,1876.297836,28.95100956,262
0.387405368,0,66.8604944,1818.120692,28.05298572,263
0.386618917,0,66.77821492,1803.00071,27.80469045,264
0.384613643,0,66.7119797,1747.113812,26.94238929,265
0.38510319,0,66.65976263,1692.940067,26.10694253,266
0.386393616,0,66.6077942,1640.445363,25.29752818,267
0.387891069,0,66.55804967,1589.57844,24.51325308,268
0.389157488,0,66.55216108,1564.10321,24.16759136,269
0.388576798,0,66.69204063,1515.631134,23.41847357,270
0.38904031,0,66.82717243,1478.391189,22.87382342,271
0.384098159,0,66.99903638,1432.623482,22.16485184,272
0.385380447,0,67.04166124,1397.567655,21.63312887,273
0.387956007,0,67.08635119,1354.244953,20.96285912,274
0.387289545,0,66.99999853,1345.293079,20.72771108,275
0.390628096,0,66.98792719,1319.494605,20.49952617,276
0.39273223,0,67.08904313,1302.010751,20.27785205,277
0.39101773,0,67.20031376,1261.702193,19.64972611,278
0.395316128,0,67.33170034,1222.5824,19.04111014,279
0.398718939,0,67.35558748,1197.125565,18.65988108,280
0.403648383,0,67.3974714,1160.009029,18.08210349,281
0.409851839,0,67.46785511,1124.035022,17.5223655,282
0.41485962,0,67.56061801,1089.189112,16.9800089,283
0.418114873,0,67.64862744,1067.257585,16.66172481,284
0.419307592,0,67.44969027,1044.736912,16.35317098,285
0.427347237,0,67.51773723,1055.525877,17.08768849,286
0.433157061,0,67.61094204,1074.567885,17.80040168,287
0.435576759,0,67.68882665,1106.918752,18.490996,288
0.438924707,0,67.61680104,1114.536598,18.74656062,289
0.45321796,0,66.86378449,1079.876731,18.16589,290
0.453621978,0,66.95579176,1046.439826,17.60349274,291
0.453084278,0,67.03798094,1014.058287,17.05868008,292
0.455628922,0,67.12279017,982.6512528,16.53082559,293
0.458544508,0,67.20514409,962.8202941,16.29530212,294
0.470506048,0,67.28568234,947.4664793,16.51550792,295
0.474601832,0,67.36036126,931.9398317,16.36574409,296
0.477358639,0,67.43785026,911.983461,16.0248877,297
0.480657592,0,67.50361327,883.7355039,15.52917036,298
0.484406216,0,67.57415445,872.3051537,15.38015293,299
0.488824729,0,67.64005667,845.2772803,14.90449024,300
0.49371334,0,67.70442732,819.0841456,14.44363337,301
0.497233138,0,67.76593465,793.7200116,13.997138,302
0.500868779,0,67.82662564,785.0937167,13.93751417,303
0.50553054,0,67.89208165,767.0717716,13.69311514,304
0.509738327,0,67.94468687,743.3174273,13.27003355,305
0.512111716,0,67.99594517,728.2885121,13.04639756,306
0.511545201,0,68.04894846,705.7895283,12.64341859,307
0.507851042,0,68.10270564,684.0258221,12.25299683,308
0.509237952,0,68.16411167,662.8830043,11.87467237,309
0.512424083,0,68.22122984,650.3419164,11.69463538,310
0.517908621,0,68.14225554,630.1986909,11.33366308,311
0.521021331,0,68.20768577,626.1263654,11.39785621,312
0.524104433,0,68.26037924,639.7517636,11.86244918,313
0.528894411,0,68.30553983,619.9448026,11.49626727,314
0.532652559,0,68.35571518,612.1792578,11.45117728,315
0.537205537,0,68.35394774,593.2311266,11.09781075,316
0.541877689,0,68.38972145,609.0924165,11.78867641,317
0.546777746,0,68.43590028,597.3634397,11.63161126,318
0.551484151,0,68.47215855,600.0971138,11.89264704,319
0.556546312,0,68.51349868,587.7886726,11.68088263,320
0.561949484,0,68.55100095,588.4686447,11.94144839,321
0.566411448,0,68.59016438,576.0455631,11.72783229,322
0.570330075,0,68.63327069,589.148586,12.29579711,323
0.57351991,0,68.67075386,575.90932,12.07126143,324
0.576636961,0,68.71094286,558.0914713,11.69859366,325
0.57896425,0,68.75156249,540.8357054,11.33752588,326
0.585420494,0,68.78303615,540.2714742,11.82513846,327
0.593035116,0,68.81980219,523.5104305,11.46006527,328
0.601990545,0,68.84946404,523.2887224,12.34805813,329
0.612496231,0,68.88355735,511.1775922,12.7957009,330
0.62010913,0,68.90951518,511.4830392,13.43508357,331
0.622261735,0,68.93430228,529.9726369,14.05563822,332
0.624110806,0,68.96058421,513.5816281,13.62118951,333
0.626290422,0,68.98672643,526.5362084,14.02887277,334
0.627898395,0,69.01751755,527.0747337,14.0094485,335
0.62939958,0,69.04719775,554.2567868,14.81843685,336
0.631949028,0,69.07277834,575.8759102,15.60203603,337
0.633893848,0,69.09789271,599.0755876,16.3609139,338
0.636820552,0,69.12417853,617.0723062,17.09718786,339
0.641243959,0,69.15143053,627.6344449,17.8106773,340
0.64401868,0,69.17606496,616.6453395,17.50793689,341
0.648148954,0,69.1993101,627.5044143,18.20785977,342
0.652013161,0,69.22567133,638.6264868,18.88612231,343
0.656381383,0,69.25069138,646.6922309,19.54310939,344
0.660297741,0,69.2720962,655.8714689,20.17950978,345
0.665033557,0,69.15484319,658.6492914,20.5899452,346
0.669092217,0,69.161763,659.9992955,20.98122606,347
0.674049579,0,69.15520838,654.9869538,21.15862791,348
0.679170471,0,69.15189612,653.676338,21.48872978,349
0.682684747,0,69.14918159,657.5162174,21.87963336,350
0.690089666,0,69.14317295,645.8155109,22.23466863,351
0.697841639,0,69.13356202,632.4162233,22.57482714,352
0.704253693,0,69.15176138,622.9325496,22.84441316,353
0.707891151,0,69.16807125,622.1782075,23.12225633,354
0.710733672,0,69.18483307,602.878517,22.40560729,355
0.706297069,0,69.20451273,584.2572615,21.7112928,356
0.71379779,0.050039533,69.22704135,573.1599576,22.2804382,357
0.717913635,0.048481966,69.24601009,576.0572816,22.83215301,358
0.718724485,0.046972881,69.26595939,565.7041575,22.3313476,359
0.718616078,0.045510769,69.27084907,548.191889,21.6393723,360
0.723601549,0.044094168,69.1045729,531.1675718,20.96888059,361
0.720304976,0.04272166,69.02874081,557.1866394,21.14739656,362
0.715507313,0.041391875,69.04853881,539.9873957,20.49221844,363
0.714549983,0.040103481,69.06834035,536.3040238,20.27140598,364
0.708276507,0.038855191,68.99318989,519.7727718,19.64349459,365
0.700039843,0.037645756,68.91701397,503.7832796,19.03516952,366
0.698953007,0.036473967,68.94066286,488.2142756,18.44576585,367
0.691118161,0.035338651,68.96358483,473.2030989,17.87470827,368
0.692415911,0.034238675,68.99076471,458.5628363,17.32138446,369
0.686663078,0.033172937,69.01448161,463.9675782,17.19961363,370
0.677780607,0.032140372,69.03533417,449.7300629,16.66740009,371
0.668921568,0.031139947,69.05708571,435.9357746,16.15171116,372
0.665954546,0.030170662,69.07498827,422.5102004,15.652074,373
0.664784208,0.029231548,69.09509874,419.5704748,15.37390631,374
0.662098478,0.028321666,69.11090323,406.6516439,14.89846585,375
0.664334788,0.027440105,69.1345198,394.0842888,14.43787952,376
0.65889135,0.204086991,69.16068158,449.8247229,15.23686055,377
0.654517254,0.197734431,69.18215423,500.6677156,16.00761251,378
0.650264664,0.191579605,69.20643918,549.9783106,16.75411252,379
0.652060832,0.185616358,69.23034636,551.6311602,16.85665413,380
0.655780265,0.179838728,69.25508605,534.5376001,16.33507429,381
0.656843317,0.174240937,69.27267697,559.6373447,17.07120133,382
0.656235442,0.168817386,69.29151025,591.0524355,17.78491648,383
0.655412242,0.163562653,69.31002978,622.5859312,18.47828053,384
0.650792884,0.158471483,69.32546299,657.9038041,18.94112473,385
0.644705012,0.153538784,69.33688076,637.6120632,18.35471748,386
0.641073089,0.148759624,69.01439703,617.9273936,17.78652166,387
0.635340288,0.144129223,69.04584328,598.8785652,17.23603959,388
0.629106196,0.139642952,69.05563495,604.1907584,17.11579296,389
0.621379707,0.135296323,69.03107089,585.5960657,16.58618848,390
0.622621887,0.131084991,68.99611881,583.1036067,16.48700089,391
0.620149794,0.127004744,68.96046022,575.0338412,16.16046748,392
0.618065853,0.123051502,68.93969444,563.1583077,15.81556689,393
0.626103994,0.119221311,68.98240496,562.3026911,16.57280143,394
0.633231869,0.115510342,69.01703965,564.2657961,17.29961521,395
0.630221238,0.111914883,69.04266908,609.1110146,18.0049451,396
0.631754014,0.108431338,69.06511781,617.6639873,18.1936542,397
0.633190032,0.105056226,69.0822405,623.0780966,18.25134884,398
0.63446281,0.101786169,69.09977183,612.0451222,17.89332971,399
0.632195457,0.098617898,69.12064905,612.6374697,17.753162,400
0.631575521,0.095548246,69.1397568,606.0051515,17.41089704,401
0.624733625,0.092574141,69.16291218,599.5082094,17.07874882,402
0.615702004,0.089692611,69.18463654,581.0744126,16.55029741,403
0.609029882,0.086900774,69.14828545,563.1925448,16.03830879,404
0.604723184,0.084195837,69.01825446,545.8501606,15.54232588,405
0.602046306,0.081575096,69.04096983,529.0269359,15.06175362,406
0.599621018,0.07903593,69.05617223,538.3941805,15.01022168,407
0.597676897,0.0765758,69.0661582,521.798788,14.54625353,408
0.594428773,0.074192246,69.06522294,505.7395386,14.09679635,409
0.590456869,0.071882884,69.06044253,525.6615925,14.2823551,410
0.583858793,0.069645405,69.07641261,509.5162736,13.84101545,411
0.577294209,0.067477571,69.09365921,493.8753467,13.41341325,412
0.580436157,0.065377215,69.10683851,482.4378929,13.20617759,413
0.575043539,0.063342236,69.1105787,480.9108268,13.00565056,414
0.570156318,0.061370599,69.10594116,466.1440422,12.60403671,415
0.566568072,0.059460333,69.12103026,451.8239377,12.21492378,416
0.566673269,0.057609528,69.12524633,448.3260378,12.04482836,417
0.564990312,0.055816331,69.13107132,434.5436837,11.67317719,418
0.563833729,0.054078952,69.15776878,457.2041818,12.05760424,419
0.559770975,0.052395651,69.17708844,511.6702666,12.80297708,420
0.563455045,0.050764746,69.19451763,495.8556819,12.4076718,421
0.568541961,0.049184605,69.21163723,480.5169179,12.02469873,422
0.565216607,0.047653649,69.23230122,465.7465985,11.65361871,423
0.562696565,0.046170347,69.24572217,460.4498431,11.47287818,424
0.561936109,0.044733215,69.26700888,500.279915,12.18248794,425
0.558011158,0.043340816,69.28154621,533.2820985,12.63314346,426
0.55485322,0.041991759,69.29513902,516.8721506,12.24313854,427
0.551911739,0.040684692,69.30260127,500.9718141,11.86527303,428
0.548704894,0.090997806,69.30850631,485.5712665,11.49918307,429
0.546711099,0.266888951,69.32362099,505.6881549,11.76565158,430
0.549857883,0.369264673,69.33606445,517.3220046,12.14809073,431
0.550405512,0.536489196,69.33557691,501.3777113,11.77333592,432
0.552882181,0.629212032,69.06571211,505.484157,11.82384996,433
0.553550507,0.814448105,69.07939502,519.5724348,12.20297556,434
0.549606417,0.968635431,69.08041872,503.611024,11.82654004,435
0.545875432,1.118510629,69.07510064,488.1438953,11.46179405,436
0.542950329,1.262738544,69.08669442,473.149741,11.10840141,437
0.539707711,1.404902438,69.10281022,485.3961829,11.17944522,438
0.536733497,1.538914021,69.12074389,470.4837293,10.83473051,439
0.531168646,1.609616771,69.08699188,456.0603359,10.5006903,440
0.531568123,1.64401534,68.81964505,442.0281166,10.17704766,441
0.531798007,1.767343175,68.78258188,442.4211304,10.07042221,442
0.523685752,1.820491894,68.77116942,428.9048321,9.760186252,443
0.516775065,1.91216457,68.78650091,415.8055989,9.459703646,444
0.511058304,1.986115923,68.80561451,403.1019403,9.168560436,445
0.503564076,2.044690059,68.82637564,406.1040778,9.09288984,446
0.497325615,2.159929457,68.84506488,393.7116774,8.813150339,447
0.492908876,2.271596383,68.86136058,381.6927891,8.542201209,448
0.49087013,2.378306463,68.88189161,370.021674,8.279685829,449
0.489455316,2.486375741,68.90304605,402.0157184,8.646821439,450
0.485087594,2.546552159,68.8725734,389.7389403,8.381022078,451
0.480194791,2.646821322,68.88996287,377.8493025,8.123468598,452
0.47591879,2.745572978,68.91252589,395.0559836,8.287006853,453
0.472376342,2.839965284,68.93135491,395.7677831,8.218102855,454
0.470823695,2.817226852,68.64807222,395.3636071,8.269571931,455
0.465790053,2.849115086,68.67742247,383.3013867,8.015431967,456
0.459726161,2.939298667,68.70869288,388.2101902,7.9761583,457
0.455651705,3.026530252,68.73782251,376.3634587,7.731151417,458
0.45277702,3.114442007,68.76067522,364.8775975,7.493826144,459
0.446218214,3.199115981,68.78224095,421.514479,8.091926146,460
0.439633021,3.280651923,68.81078152,429.8186556,8.091571318,461
0.436794305,3.2508406,68.83137615,428.7644834,8.153235556,462
0.430421637,3.246365363,68.84183766,433.7856449,8.109702629,463
0.426617736,3.271279402,68.85948383,420.5381476,7.8606773,464
0.424159663,3.311507972,68.8753927,422.7548587,7.826582509,465
0.421548939,3.36246758,68.88140193,424.5231698,7.793286982,466
0.419348448,3.406766569,68.88942688,414.0149644,7.592497275,467
0.418429787,3.479742007,68.90434621,414.0281384,7.566114213,468
0.418826804,3.553047976,68.92746392,444.1917045,7.95558052,469
0.415828846,3.620847443,68.9463891,430.6149409,7.711352509,470
0.411667582,3.687682082,68.96309403,450.9615665,7.888585033,471
0.408481998,3.751124319,68.97981439,452.9949781,7.853220384,472
0.405614684,3.814548725,68.99393589,484.8094334,8.234384953,473
0.403179697,3.874857407,69.01505027,485.2198372,8.188354144,474
0.401392032,3.932802514,69.03436377,486.0634504,8.143506242,475
0.398936709,3.967494133,69.03488447,481.3214702,8.031219884,476
0.397503623,4.02239956,69.04888055,466.5789242,7.784651301,477
0.399335481,4.048919972,69.05998739,491.1850461,8.166575737,478
0.397627184,4.082556085,69.02048817,564.1460784,9.151976973,479
0.395247409,4.139653402,69.02967582,638.1061543,10.11246011,480
0.392610291,4.195450653,69.04076253,711.1515858,11.04233666,481
0.392378476,4.247923718,69.04237718,771.8882423,11.94361051,482
0.391041378,4.27074918,69.04632558,835.7799293,12.81829275,483
0.388955164,4.324442992,69.06293566,900.7899173,13.66399352,484
0.386492091,4.375115288,69.07671807,958.7015533,14.38001944,485
0.38400462,4.423022672,69.08355491,1022.294328,15.17734553,486
0.38104853,4.472626476,69.0735433,1086.499973,15.95054456,487
0.381288513,4.51509408,69.09432853,1068.518896,15.66461083,488
0.379772214,4.466642557,69.10549468,1125.17419,16.42175424,489
0.377938773,4.507629681,69.12151715,1090.40123,15.91400181,490
0.377082006,4.546861387,69.12784998,1056.703683,15.42210951,491
0.373214028,4.585909694,69.13265763,1039.551864,15.15261026,492
0.371856694,4.622036477,69.13873176,1007.44505,14.68441759,493
0.371049726,4.654859111,69.13132487,990.0833723,14.43772108,494
0.369458244,4.689998988,69.13859898,959.5158612,13.99172529,495
0.369790144,4.726908526,69.15039956,986.4485967,14.38730629,496
0.369104681,4.759469228,69.16373649,971.5331266,14.14986552,497
0.371958708,4.792774735,69.16851602,941.4878235,13.71277434,498
0.374852776,4.762987321,69.179453,932.5655024,13.65271072,499
0.375874549,4.787153977,69.18242711,944.8987312,13.83696915,500
0.378912112,4.788111437,69.19353497,940.2221747,13.81272906,501
0.380689565,4.818265731,69.20085036,936.6878495,13.78949216,502
0.381349659,4.849263695,69.21140887,959.8791437,14.17061541,503
0.383344416,4.845471926,69.2163687,986.3674035,14.70125223,504
0.383809844,4.877243828,69.22228522,1034.772934,15.45837463,505
0.38496028,4.906899995,69.22505567,1078.652437,16.19102476,506
0.385654406,4.937075309,69.23360797,1122.866639,16.89989002,507
0.386162125,4.967263766,69.24270671,1166.474146,17.58789012,508
0.387025279,4.991683857,69.24584513,1143.206936,17.24537576,509
0.389409466,5.019540602,69.24700773,1164.504494,17.72078638,510
0.391643548,5.049002731,69.24677663,1199.086147,18.38318316,511
0.393658537,5.076495516,69.25290289,1233.17868,19.02464212,512
0.394336928,5.10376051,69.26279758,1271.606392,19.64696161,513
0.391740192,5.130194705,69.27041,1322.526159,20.24905368,514
0.389460004,5.154686686,69.27041866,1370.912882,20.83232421,515
0.387717713,5.175208457,69.27759217,1358.139634,20.59064914,516
0.392946694,5.199080012,69.27968766,1364.882352,20.9627233,517
0.394417193,5.221433939,69.28439502,1395.942973,21.52399887,518
0.39607282,5.242936189,69.28623356,1425.088278,22.06812398,519
0.396059288,5.26297425,69.29165704,1460.0692,22.59426296,520
0.39646535,5.283804061,69.28132755,1492.343554,23.10522896,521
0.396120525,5.305416545,69.2880992,1526.578187,23.5990011,522
0.394990008,5.294372125,69.28432562,1563.183649,24.07795509,523
0.391146801,5.190804923,69.28533202,1610.151105,24.54118765,524
0.388642486,5.029232144,69.26891695,1650.734905,24.99126639,525
0.390258618,5.061707663,69.25997579,1673.36964,25.43801913,526
0.39065098,5.092543582,69.24321315,1699.80712,25.8598124,527
0.391811934,5.10992793,69.22201069,1721.152107,26.25037303,528
0.392540742,5.129591112,69.21835731,1744.483385,26.64741162,529
0.393747732,5.147831537,69.21973844,1764.902702,27.03153285,530
0.395001615,5.166485848,69.2211817,1784.309009,27.40355072,531
0.396403585,5.144365775,69.21252889,1778.042046,27.36091311,532
0.397710533,5.155540597,69.2142365,1736.659394,26.71827382,533
0.399573205,5.159746022,69.21311879,1716.531773,26.43184595,534
0.399789253,5.179490028,69.21492218,1723.526931,26.54800186,535
0.400222251,5.198597714,69.21683148,1718.631257,26.49820768,536
0.402347503,5.223495221,69.21683847,1745.692926,27.07328568,537
0.402209223,5.25393584,69.21710161,1784.952409,27.65995528,538
0.402956174,5.273155474,69.2227392,1809.600066,28.09048607,539
0.402891481,5.29209231,69.22992037,1837.009134,28.50750736,540
0.404191909,5.311078226,69.23870121,1857.385788,28.91065307,541
0.40572758,5.328834822,69.24804549,1875.990745,29.30293054,542
0.405302539,5.357541919,69.24713076,1902.430592,29.67901999,543
0.407842962,5.375598578,69.25681443,1914.894355,30.04637564,544
0.409215881,5.391663249,69.26544295,1931.917936,30.40324666,545
0.410693631,5.408180678,69.2701134,1947.736661,30.74893507,546
0.414222331,5.424492953,69.27162864,1953.753627,31.08507665,547
0.418864987,5.440613416,69.27866454,1953.91358,31.40797866,548
0.421909902,5.455443335,69.28755631,1960.767048,31.72423255,549
0.423058187,5.470451257,69.29266524,1975.404738,32.02865886,550
0.424459694,5.483566343,69.29779574,1988.6045,32.32861655,551
0.425908248,5.497385963,69.30303019,2000.877531,32.61816277,552
0.427429304,5.510138147,69.30788149,2012.063784,32.89529808,553
0.428162009,5.523588502,69.3194086,2026.717623,33.17416986,554
0.428766857,5.537259979,69.32617225,2040.84351,33.43331232,555
0.429093304,5.54923907,69.32944445,2015.165574,33.04017633,556
0.431532896,5.561104263,69.31132892,1977.37329,32.44494459,557
0.436363602,5.578324049,69.3217411,1966.044195,32.51556161,558
0.437667965,5.592613429,69.32266198,1943.372191,32.15315569,559
0.43283856,5.607854671,69.30698577,1970.009924,32.11795739,560
0.43757676,5.620766403,69.29316809,1922.790731,31.33589766,561
0.443385209,5.62998889,69.29341428,1863.082387,30.36399985,562
0.447939744,5.639081226,69.28907709,1805.245597,29.42235404,563
0.458301104,5.649619963,69.28331475,1749.13688,28.51001859,564
0.464521432,5.543224486,69.27872304,1718.447192,28.26990806,565
0.469041707,5.558337542,69.26843503,1719.68329,28.68230665,566
0.473578809,5.570435014,69.27060396,1683.854603,28.22235832,567
0.476267468,5.582968157,69.2785547,1681.545396,28.42109614,568
0.480268807,5.596180185,69.28089887,1673.011026,28.5664982,569
0.483339121,5.607895168,69.28398004,1680.494205,28.9839062,570
0.48895166,5.621448649,69.2818795,1675.788514,29.38869847,571
0.492576937,5.593563331,69.11848317,1679.700886,29.7814373,572
0.490609535,5.449348531,68.27890798,1642.007043,29.07477623,573
0.494610313,5.279728135,66.97047806,1591.046882,28.172975,574
0.492845799,5.27797977,67.07380885,1560.03836,27.77200335,575
0.486721744,5.319532512,67.20815007,1543.647088,27.32447138,576
0.481772903,5.355944901,67.33144862,1509.977994,26.68464254,577
0.476054882,5.353461347,67.45396817,1498.382932,26.35554804,578
0.475695424,5.344430746,67.55591663,1473.807668,26.03535275,579
0.473969476,5.310173335,67.65361261,1443.256864,25.57200638,580
0.487166121,5.144885008,67.70406127,1409.346161,25.77206277,581
0.49076529,5.12383133,67.76536435,1413.49383,26.14303662,582
0.488217545,5.16967455,67.84211135,1401.009773,25.8108714,583
0.485985726,5.218246139,67.91968225,1445.733679,26.40853699,584
0.484506234,5.264618544,67.9910524,1485.999249,26.99110371,585
0.482210156,5.309970451,68.0668717,1528.861762,27.55072532,586
0.481226967,5.351383697,68.13949851,1564.382137,28.0934615,587
0.480474638,5.390509907,68.20734236,1597.8816,28.6196906,588
0.480727177,5.4289941,68.27698762,1625.478277,29.12937828,589
0.480784322,5.465564547,68.33463491,1653.206894,29.62292475,590
0.481475505,5.50099997,68.39426754,1677.05649,30.10254284,591
0.482360623,5.533048782,68.45852968,1698.972221,30.56600153,592
0.484760665,5.564542314,68.51748016,1712.72261,31.01475456,593
0.486219026,5.592896624,68.57357704,1730.299389,31.44951989,594
0.488873451,5.627561928,68.62638828,1716.306946,31.40598983,595
0.492042529,5.649848764,68.68417197,1695.502358,31.25374328,596
0.492819215,5.671423178,68.73558971,1707.659558,31.52511594,597
0.49246774,5.697167227,68.78619232,1724.296326,31.78971043,598
0.492855692,5.686950051,68.83060691,1737.163257,32.04399101,599
0.492515917,5.710162281,68.86836819,1752.828936,32.2915517,600
0.492084065,5.739115785,68.91693885,1766.969075,32.50775275,601
0.494886301,5.760430021,68.96016404,1757.072375,32.46021387,602
0.495709007,5.77605793,69.00526142,1774.818904,32.85067109,603
0.496707742,5.791352266,69.04562459,1773.078244,32.89184279,604
0.497718548,5.810311942,69.08484063,1781.195715,33.11247711,605
0.498147344,5.82588254,69.12548685,1738.486472,32.29203064,606
0.498186572,5.839783324,69.16403098,1706.910155,31.70386228,607
0.498509934,5.85190304,69.20497952,1663.508626,30.92713884,608
0.497825494,5.86168609,69.23496329,1611.926274,29.96796436,609
0.496935063,5.874116981,69.26527144,1586.893151,29.45365427,610
0.497072119,5.884712019,69.29637415,1550.189651,28.74680667,611
0.496178952,5.894227392,69.32086922,1502.139296,27.85552653,612
0.494951746,5.906600523,69.34799928,1455.588881,26.99198892,613
0.492575072,5.917981519,69.3769713,1410.500187,26.15530278,614
0.490440109,5.929758265,69.40616593,1366.811987,25.34464611,615
0.489010201,5.940419054,69.43102835,1336.039669,24.76629243,616
0.487365035,5.949694698,69.45864462,1307.582977,24.20566411,617
0.485004579,5.958677744,69.48750585,1279.264923,23.66254153,618
0.482697075,5.969788346,69.5127014,1254.768061,23.13625454,619
0.481141568,5.978171426,69.53990373,1215.92323,22.41955721,620
0.481126217,5.988358204,69.56668942,1209.203682,22.34614063,621
0.478828755,5.998835422,69.59629341,1251.264897,22.89568478,622
0.476947879,5.970788485,69.6235787,1274.48501,23.17931055,623
0.475131486,5.882694579,69.65342732,1248.628913,22.66778915,624
0.472165572,5.89331289,69.67804884,1223.766107,22.17231634,625
0.46902844,5.908911828,69.70336621,1270.00698,22.72340611,626
0.46743881,5.869649471,69.7244746,1284.999934,22.77242051,627
0.463741278,5.878862291,69.74512071,1274.239001,22.48093764,628
0.461068582,5.888256882,69.75887664,1248.022795,21.99155501,629
0.458236823,5.896138608,69.77760314,1223.973744,21.51817944,630
0.455457417,5.907851424,69.79782705,1199.886814,21.0588327,631
0.452557063,5.916798243,69.81429747,1162.778475,20.40682631,632
0.448628099,5.926218631,69.82188444,1142.910296,19.98164737,633
0.44507663,5.938325591,69.82751428,1122.846367,19.57065364,634
0.441582741,5.948585915,69.83686282,1088.150151,18.9650109,635
0.437460516,5.959226998,69.85388886,1068.751908,18.55921048,636
0.43448721,5.932199776,69.54067005,1059.668222,18.49365459,637
0.43040667,5.904938095,69.55715462,1026.946725,17.92149375,638
0.436507329,5.917529915,69.58377907,995.1195735,17.36707329,639
0.436770149,5.929130187,69.61287439,996.1478531,17.24373106,640
0.433163521,5.935420656,69.63709648,965.3948691,16.71044871,641
0.429629238,5.94408602,69.65682264,1028.387768,17.45898242,642
0.428903273,5.83571916,69.30086944,996.6054258,16.91891131,643
0.423920295,5.80910186,69.2537399,1050.627629,17.51188938,644
0.421646123,5.81879988,69.22225615,1018.169598,16.9702739,645
0.415996291,5.829903296,69.23418502,1033.113582,17.06001725,646
0.411602314,5.840364294,69.24618255,1022.9517,16.81888279,647
0.406744489,5.852914632,69.25454974,1038.466789,16.87318728,648
0.402146894,5.862655786,69.25907389,1006.424418,16.35149394,649
0.397323936,5.770582139,68.66600548,977.5216769,15.87622994,650
0.399465183,5.787105157,68.68854271,1047.164346,17.11482831,651
0.395597647,5.803365179,68.70432344,1061.370926,17.18236761,652
0.396279641,5.817347662,68.71778724,1044.72339,16.95352092,653
0.391922573,5.830899285,68.71610887,1036.180373,16.71373459,654
0.388935478,5.846573147,68.72132461,1049.938032,16.7655901,655
0.388387353,5.863589083,68.72418124,1046.854626,16.71212162,656
0.384794968,5.890537785,68.74021066,1053.575281,16.79162818,657
0.381174279,5.918718702,68.75865937,1021.06018,16.27248741,658
0.375988973,5.938480824,68.77895682,1037.506053,16.34743498,659
0.373118435,5.957593528,68.79946663,1005.480952,15.84206516,660
0.375373706,5.981087185,68.82148288,1033.033065,16.49890437,661
0.373990302,5.993549082,68.83715744,1044.61505,16.56682633,662
0.371970544,6.006427791,68.8574857,1076.103492,16.86987578,663
0.371421071,6.020587008,68.87883307,1082.685603,16.93609747,664
0.371456585,6.030284737,68.89751759,1091.768207,17.02782399,665
0.368166139,6.041070656,68.91268898,1106.922992,17.13039835,666
0.363867542,6.04674728,68.92851781,1099.062456,16.91335587,667
0.359144072,6.052392941,68.94038566,1094.692029,16.70382342,668
0.354532046,6.054403362,68.95665736,1060.916747,16.18738801,669
0.349943833,6.058944155,68.97260101,1057.049434,15.99915491,670
0.345095009,6.060442336,68.98035774,1024.457144,15.50470891,671
0.342878973,6.062972597,68.98512971,1018.646192,15.33717463,672
0.339269698,6.067544997,68.99908857,987.2355546,14.86332003,673
0.335761847,6.07480464,69.01024263,983.3630463,14.72209993,674
0.331949189,6.079903779,69.01844421,953.0581586,14.26741831,675
0.327673493,6.086029592,69.02349446,949.1689936,14.13099321,676
0.325004936,6.090028893,69.03984685,919.9149414,13.69468314,677
0.321595987,6.09335795,69.04217038,891.5829685,13.27196497,678
0.318766388,6.102041207,69.05541188,975.2964301,14.17921455,679
0.315904418,6.108977984,69.06798208,1082.2397,15.35631507,680
0.313332846,6.118873354,69.0839744,1240.702159,17.19707576,681
0.310867198,6.129227508,69.09973269,1287.331271,17.72585975,682
0.310580822,6.136688996,69.10330152,1247.530755,17.17768091,683
0.309795234,6.120118154,69.10576533,1221.219262,16.91133573,684
0.307742357,6.125744362,69.11291179,1266.149584,17.44013494,685
0.305315495,6.137630912,69.12563205,1352.199928,18.40330553,686
0.302930906,6.144204509,69.13241244,1351.29479,18.31781786,687
0.303981744,6.102101751,69.06496233,1309.491274,17.75121315,688
0.302031998,6.107599069,69.07501697,1308.230554,17.67531107,689
0.299782197,6.1158374,69.08902831,1267.804751,17.1286779,690
0.298669254,6.123356617,69.08884087,1248.157276,16.85651193,691
0.297905338,6.129671206,69.09740086,1239.9563,16.71427445,692
0.29691669,6.13426004,69.10362397,1221.657311,16.44965596,693
0.296718493,6.138118262,69.10081637,1183.908648,15.94124267,694
0.296229146,6.137978398,68.96660148,1184.413204,15.93861246,695
0.29414267,6.141123435,68.98009371,1147.84414,15.44606479,696
0.292295577,6.145057785,68.99679126,1112.411051,14.96884844,697
0.291227227,6.148880957,69.01330183,1078.074111,14.506514,698
0.299371297,6.130989312,69.02446973,1081.059104,15.04343798,699
0.297358505,6.138730981,69.03743462,1061.111534,14.86672777,700
0.299367745,6.124506706,68.92387676,1028.330304,14.40751656,701
0.300239338,6.130351902,68.96493687,1054.065214,14.78819782,702
0.29832953,6.131666627,69.00791846,1040.296373,14.58177202,703
0.296769629,6.136193017,69.07958261,1027.6614,14.38109302,704
0.295503541,6.139178395,69.10315625,1036.864187,14.43639931,705
0.299624138,6.169701339,69.10439584,1066.041322,14.94074958,706
0.298980439,6.146948699,69.10649505,1077.821875,15.02941362,707
0.297724181,6.114825684,69.11365703,1110.371768,15.38591731,708
0.296007622,6.118449748,69.11758266,1088.83101,15.06322582,709
0.294691646,6.121898447,69.12303481,1073.357415,14.81311824,710
0.294498815,6.129684653,69.12262593,1095.166249,15.06921623,711
0.293755821,6.13330533,69.10927888,1090.392125,14.9920557,712
0.291749863,6.138814258,69.11586452,1114.938792,15.22578114,713
0.29083426,6.142207142,69.12032909,1098.391573,14.98103136,714
0.289319012,6.145806056,69.12645873,1093.436878,14.85781542,715
0.288035991,6.152706955,69.13430476,1124.778835,15.19851797,716
0.290788455,6.164523866,69.14758354,1131.807583,15.32541932,717
0.296934839,6.179057299,69.15696838,1101.429934,14.93667742,718
0.30262735,6.197316569,69.16679131,1071.389094,14.54784677,719
0.308169993,6.215874403,69.17144113,1041.581008,14.15819013,720
0.313694273,6.233698208,69.15365803,1011.817873,13.76450654,721
0.318822102,6.248889477,69.15902928,980.5231541,13.33960406,722
0.323135446,6.262788124,69.1492351,957.8741758,13.05543404,723
0.329507837,6.292307963,69.11899511,928.2425458,12.65271328,724
0.336451923,6.162416056,68.85749786,951.5471606,13.303208,725
0.33388932,6.037406752,68.82582601,930.5529445,13.00052669,726
0.331549833,5.879051601,68.82335525,906.3435909,12.65735422,727
0.329257879,5.696055954,68.80985977,878.4258136,12.26702439,728
0.3255175,5.518756363,68.76939209,851.388825,11.88884424,729
0.335354675,5.482755451,68.77641758,857.4422643,12.18555221,730
0.339518487,5.52173391,68.81193426,879.482301,12.65561681,731
0.342416402,5.561443502,68.84166177,903.2570691,13.09532634,732
0.346162766,5.599362076,68.88308033,922.2517036,13.49962159,733
0.348725754,5.636356327,68.92133585,947.9903332,13.95894135,734
0.357914803,5.665739354,68.96179128,950.5305549,14.36761492,735
0.364081968,5.694247182,68.99643033,963.7849153,14.81195248,736
0.367955113,5.719505576,69.01973193,979.5039651,15.17831047,737
0.367426363,5.73835048,69.0367081,1012.281006,15.60235933,738
0.365128576,5.756094741,69.04758755,1045.993873,15.96828359,739
0.363460568,5.766996418,69.03661078,1057.92539,16.04775165,740
0.360344724,5.784393361,69.08353697,1059.50274,15.98916993,741
0.354878425,5.792176957,68.96020618,1061.346513,15.88359603,742
0.350454491,5.717052913,68.60826176,1064.773824,15.80964899,743
0.347492311,5.657378052,68.16454805,1069.817197,15.77389167,744
0.340980557,5.679486257,68.2257874,1075.514191,15.70095294,745
0.335415166,5.702232371,68.29673218,1082.424631,15.65787859,746
0.330795501,5.724671119,68.35022608,1086.055624,15.58897805,747
0.328797031,5.741565774,68.39996175,1075.71168,15.40480305,748
0.327365822,5.758381565,68.45772989,1060.278527,15.14757734,749
0.324660631,5.779687883,68.51109211,1065.584877,15.1417455,750
0.321634013,5.799161937,68.56562685,1068.228445,15.09950918,751
0.320856797,5.819635663,68.60900678,1077.286183,15.18652155,752
0.320860007,5.841866909,68.64790322,1086.6945,15.2998454,753
0.31964795,5.859543105,68.69327955,1096.057816,15.38055948,754
0.317967234,5.876990114,68.74349474,1105.973221,15.4561272,755
0.315182272,5.894455614,68.79203379,1114.664933,15.49245052,756
0.316374657,5.907553463,68.78089509,1106.968192,15.37269033,757
0.318770755,5.918869323,68.7555563,1106.416472,15.39856437,758
0.317688676,5.926705395,68.73508527,1084.220328,15.07162831,759
0.317405551,5.930278251,68.70662896,1050.762727,14.60637009,760
0.317085629,5.939132786,68.68137892,1023.479895,14.22575536,761
0.316266647,5.94786145,68.64397955,995.9121562,13.83751086,762
0.316217964,5.955409534,68.61206372,968.7048318,13.45934482,763
0.315706761,5.963032329,68.60162958,941.9060196,13.08175524,764
0.3162095,5.971297179,68.5920413,927.5352102,12.87619194,765
0.316491849,5.963284011,68.58200596,902.0388433,12.520057,766
0.316432868,5.971851633,68.57069598,884.9461427,12.26869222,767
0.321377017,5.980990291,68.51545928,857.6159869,11.89057083,768
0.32549848,5.992341046,68.51080168,846.6052338,11.86489384,769
0.324246355,5.998151816,68.50322257,822.8059085,11.5290057,770
0.326715328,6.007540771,68.21661358,824.9004933,11.57477344,771
0.326091938,6.014283748,68.25504791,801.3093441,11.24139144,772
0.323269297,6.024261769,68.28916667,776.6831788,10.8953019,773
0.320696326,6.03196574,68.32967169,752.8121932,10.55987433,774
0.318624025,6.039744741,68.37205416,733.0292901,10.27514198,775
0.318497414,6.046840879,68.40254752,710.485656,9.958990506,776
0.318587774,6.053864349,68.43357798,691.4251836,9.692371405,777
0.321931518,6.061836762,68.4616998,679.1300705,9.530913962,778
0.323002213,6.071193126,68.49295003,659.4644449,9.257480154,779
0.318793651,5.915641842,67.56115244,639.2665422,8.972838939,780
0.32172412,5.731507261,67.27726235,619.6129032,8.697146211,781
0.319547501,5.553104186,67.34266271,610.9899019,8.566054529,782
0.32148607,5.380254216,67.4065742,592.2173698,8.303087377,783
0.329029454,5.2127845,67.46678484,573.957437,8.048319541,784
0.329185255,5.050527569,67.52548002,556.3630354,7.801564554,785
0.328662184,4.992715138,67.57744113,548.4952473,7.684442266,786
0.328957182,5.0347232,67.63165084,531.6938438,7.449041256,787
0.33090778,5.071900399,67.67567825,515.6614915,7.224791689,788
0.329540178,5.106263883,67.70855286,502.1869181,7.034439188,789
0.328547452,5.140001262,67.75032725,493.154695,6.901487933,790
0.326141399,5.171480756,67.78189346,479.8492472,6.712210273,791
0.325515116,5.206061226,67.79888802,469.8314302,6.567552005,792
0.326538146,5.239110868,67.83293185,461.5102337,6.454013388,793
0.322896984,5.267870309,67.8722326,452.7167225,6.328385817,794
0.319007562,5.296573414,67.91421158,451.5194202,6.28209644,795
0.313997144,5.328972638,67.95660042,459.3059129,6.31465364,796
0.31408856,5.359228391,67.95559897,472.5235255,6.495545531,797
0.316399135,5.384801421,67.90244832,478.0474515,6.625111269,798
0.318688743,5.413000632,67.91969413,477.8356222,6.661206168,799
0.322815142,5.414265843,67.94312064,482.6824866,6.744392323,800
0.332179358,5.437430228,67.91729163,497.0090825,7.24482211,801
0.334260978,5.45917151,67.94347301,507.6536797,7.414603096,802
0.33644166,5.484469007,67.97373507,523.3512998,7.676177798,803
0.340452849,5.506580584,67.95574719,533.0850332,7.889721132,804
0.344411735,5.530427556,67.93888039,548.6165948,8.202963058,805
0.351418877,5.553042403,67.91782635,561.4676204,8.577768114,806
0.361400297,5.573169315,67.93242777,562.9227566,8.870965986,807
0.368437874,5.591327524,67.92529206,573.1193884,9.223141061,808
0.376000656,5.613197756,67.96509405,586.7203222,9.685827549,809
0.3816853,5.635638644,68.05705395,592.7223635,9.921976132,810
0.386543959,5.656351422,68.12213624,601.991771,10.16699426,811
0.39306697,5.678897995,68.20165188,609.5330879,10.45552597,812
0.398630924,5.699749126,68.27971214,617.7494065,10.71990795,813
0.403721529,5.716341713,68.35019562,617.5008745,10.82518553,814
0.411625526,5.735285558,68.42323066,620.9039994,11.10113853,815
0.418458002,5.753049268,68.48442337,625.7033077,11.36143642,816
0.424471318,5.769056661,68.54189493,632.6298412,11.63821677,817
0.433844457,5.789727741,68.63835626,627.8409932,11.81564165,818
0.441051911,5.81049579,68.74418977,630.1182087,12.05540635,819
0.446195786,5.827668179,68.85156657,621.6272096,11.99569258,820
0.451710412,5.842985859,68.91988549,623.2394931,12.14457729,821
0.45872424,5.860482681,69.01971375,624.0705787,12.3495491,822
0.466437045,5.878610046,69.14846703,632.1431626,12.82047435,823
0.470490268,5.89645087,69.29110476,655.1832049,13.41684679,824
0.472544186,5.909306831,69.38053105,667.7671141,13.65850659,825
0.470895018,5.882132583,69.45554841,664.6035077,13.55947039,826
0.471931408,5.894984968,69.53388155,677.5733114,13.76730654,827
0.469960749,5.905977428,69.59918056,687.4339883,13.8521605,828
0.472631429,5.920339167,69.64499722,698.7943585,14.1163967,829
0.474341687,5.936991544,69.70138642,709.9195089,14.32339263,830
0.477921213,5.949364396,69.73585095,718.5901322,14.56275596,831
